version,timestamp,windows,mac,linux
"5.5.0",1588348801943,14610,13411,1238
"5.5.0-gm",1588348801943,602,379,70
"5.5.0-gm.2",1588348801943,3914,2370,83
"5.5.0",1588352401922,14740,13532,1247
"5.5.0-gm",1588352401922,602,379,70
"5.5.0-gm.2",1588352401922,3914,2370,83
"5.5.0",1588356001761,14871,13646,1258
"5.5.0-gm",1588356001761,602,379,70
"5.5.0-gm.2",1588356001761,3914,2370,83
"5.5.0",1588359601851,14988,13758,1268
"5.5.0-gm",1588359601851,602,379,70
"5.5.0-gm.2",1588359601851,3914,2370,83
"5.5.0",1588363201667,15104,13867,1276
"5.5.0-gm",1588363201667,602,379,70
"5.5.0-gm.2",1588363201667,3914,2370,83
"5.5.0",1588366801646,15217,13970,1288
"5.5.0-gm",1588366801646,602,379,70
"5.5.0-gm.2",1588366801646,3914,2370,83
"5.5.0",1588370401318,15336,14073,1296
"5.5.0-gm",1588370401318,602,379,70
"5.5.0-gm.2",1588370401318,3914,2370,83
"5.5.0",1588374001965,15456,14177,1308
"5.5.0-gm",1588374001965,602,379,70
"5.5.0-gm.2",1588374001965,3914,2370,83
"5.5.0",1588377601552,15567,14288,1315
"5.5.0-gm",1588377601552,602,379,70
"5.5.0-gm.2",1588377601552,3914,2370,83
"5.5.0",1588381201153,15679,14392,1321
"5.5.0-gm",1588381201153,602,379,70
"5.5.0-gm.2",1588381201153,3914,2370,83
"5.5.0",1588384801761,15790,14493,1330
"5.5.0-gm",1588384801761,602,379,70
"5.5.0-gm.2",1588384801761,3914,2370,83
"5.5.0",1588388401339,15905,14596,1334
"5.5.0-gm",1588388401339,602,379,70
"5.5.0-gm.2",1588388401339,3914,2370,83
"5.5.0",1588392001820,16019,14696,1338
"5.5.0-gm",1588392001820,602,379,70
"5.5.0-gm.2",1588392001820,3914,2370,83
"5.5.0",1588395601405,16139,14788,1341
"5.5.0-gm",1588395601405,602,379,70
"5.5.0-gm.2",1588395601405,3914,2370,83
"5.5.0",1588399202007,16240,14882,1347
"5.5.0-gm",1588399202007,602,379,70
"5.5.0-gm.2",1588399202007,3914,2370,83
"5.5.0",1588402801413,16343,14978,1355
"5.5.0-gm.2",1588402801413,3914,2370,83
"5.5.0-gm",1588402801413,602,379,70
"5.5.0",1588406402027,16453,15073,1361
"5.5.0-gm.2",1588406402027,3914,2370,83
"5.5.0-gm",1588406402027,602,379,70
"5.5.0",1588410001656,16561,15169,1365
"5.5.0-gm.2",1588410001656,3914,2370,83
"5.5.0-gm",1588410001656,602,379,70
"5.5.0",1588413601505,16674,15264,1371
"5.5.0-gm.2",1588413601505,3914,2370,83
"4.5.0-gm",1588413601505,602,379,70
"5.5.0",1588417201182,16794,15366,1376
"5.5.0-gm.2",1588417201182,3914,2370,83
"5.5.0-gm",1588417201182,602,379,70
"5.5.0",1588420801515,16908,15463,1384
"5.5.0-gm.2",1588420801515,3914,2370,83
"5.5.0-gm",1588420801515,602,379,70
"5.5.0",1588424401685,17025,15568,1393
"5.5.0-gm.2",1588424401685,3914,2370,83
"5.5.0-gm",1588424401685,602,379,70
"5.5.0",1588428001097,17139,15673,1405
"5.5.0-gm.2",1588428001097,3914,2370,83
"5.5.0-gm",1588428001097,602,379,70
"5.5.0",1588431601377,17255,15779,1416
"5.5.0-gm.2",1588431601377,3914,2370,84
"5.5.0-gm",1588431601377,602,379,70
"5.5.0",1588435201889,17375,15891,1426
"5.5.0-gm.2",1588435201889,3914,2370,84
"5.5.0-gm",1588435201889,602,379,70
"5.5.0",1588438801441,17495,15998,1432
"5.5.0-gm.2",1588438801441,3914,2370,84
"5.5.0-gm",1588438801441,602,379,70
"5.5.0",1588442401744,17608,16103,1438
"5.5.0-gm.2",1588442401744,3914,2370,84
"5.5.0-gm",1588442401744,602,379,70
"5.5.0",1588446002001,17713,16205,1442
"5.5.0-gm.2",1588446002001,3914,2370,84
"5.5.0-gm",1588446002001,602,379,70
"5.5.0",1588449601940,17821,16308,1453
"5.5.0-gm.2",1588449601940,3914,2370,84
"5.5.0-gm",1588449601940,602,379,70
"5.5.0",1588453201783,17934,16407,1461
"5.5.0-gm.2",1588453201783,3914,2370,84
"5.5.0-gm",1588453201783,602,379,70
"5.5.0",1588456801951,18050,16508,1466
"5.5.0-gm.2",1588456801951,3914,2370,84
"5.5.0-gm",1588456801951,602,379,70
"5.5.0",1588460401169,18166,16609,1473
"5.5.0-gm.2",1588460401169,3914,2370,84
"5.5.0-gm",1588460401169,602,379,70
"5.5.0",1588464001208,18271,16708,1476
"5.5.0-gm.2",1588464001208,3914,2370,84
"5.5.0-gm",1588464001208,602,379,70
"5.5.0",1588467601221,18375,16804,1477
"5.5.0-gm.2",1588467601221,3914,2370,84
"5.5.0-gm",1588467601221,602,379,70
"5.5.0",1588471201353,18480,16895,1479
"5.5.0-gm.2",1588471201353,3914,2370,84
"5.5.0-gm",1588471201353,602,379,70
"5.5.0",1588474801437,18585,16995,1484
"5.5.0-gm.2",1588474801437,3914,2370,84
"5.5.0-gm",1588474801437,602,379,70
"5.5.0",1588478401996,18698,17094,1487
"5.5.0-gm.2",1588478401996,3914,2370,84
"5.5.0-gm",1588478401996,602,379,70
"5.5.0",1588482001139,18809,17188,1491
"5.5.0-gm.2",1588482001139,3914,2370,84
"5.5.0-gm",1588482001139,602,379,70
"5.5.0",1588485601863,18917,17286,1496
"5.5.0-gm.2",1588485601863,3914,2370,85
"5.5.0-gm",1588485601863,602,379,71
"5.5.0",1588489201408,19024,17388,1500
"5.5.0-gm.2",1588489201408,3914,2370,85
"5.5.0-gm",1588489201408,602,379,71
"5.5.0",1588492801797,19131,17484,1505
"5.5.0-gm.2",1588492801797,3914,2370,85
"5.5.0-gm",1588492801797,602,379,71
"5.5.0",1588496401214,19245,17582,1509
"5.5.0-gm.2",1588496401214,3914,2370,85
"5.5.0-gm",1588496401214,602,379,71
"5.5.0",1588500001966,19353,17683,1514
"5.5.0-gm.2",1588500001966,3914,2370,85
"5.5.0-gm",1588500001966,602,379,71
"5.5.0",1588503601489,19466,17777,1522
"5.5.0-gm.2",1588503601489,3914,2370,85
"5.5.0-gm",1588503601489,602,379,71
"5.5.0",1588507201562,19587,17878,1533
"5.5.0-gm.2",1588507201562,3914,2370,85
"5.5.0-gm",1588507201562,602,379,71
"5.5.0",1588510801709,19701,17977,1537
"5.5.0-gm.2",1588510801709,3914,2370,85
"5.5.0-gm",1588510801709,602,379,71
"5.5.0",1588514401633,19813,18087,1544
"5.5.0-gm.2",1588514401633,3914,2370,85
"5.5.0-gm",1588514401633,602,379,71
"5.5.0",1588518001135,19930,18194,1558
"5.5.0-gm.2",1588518001135,3914,2370,85
"5.5.0-gm",1588518001135,602,379,71
"5.5.0",1588521601415,20050,18302,1571
"5.5.0-gm.2",1588521601415,3914,2370,85
"5.5.0-gm",1588521601415,602,379,71
"5.5.0",1588525201605,20160,18400,1580
"5.5.0-gm.2",1588525201605,3914,2370,85
"5.5.0-gm",1588525201605,602,379,71
"5.5.0",1588528801285,20279,18496,1587
"5.5.0-gm.2",1588528801285,3914,2370,85
"5.5.0-gm",1588528801285,602,379,71
"5.5.0",1588532401226,20398,18591,1593
"5.5.0-gm.2",1588532401226,3914,2370,85
"5.5.0-gm",1588532401226,602,379,71
"5.5.0",1588536001502,20514,18681,1601
"5.5.0-gm.2",1588536001502,3914,2370,85
"5.5.0-gm",1588536001502,602,379,71
"5.5.0",1588539601692,20631,18780,1605
"5.5.0-gm.2",1588539601692,3914,2370,85
"5.5.0-gm",1588539601692,602,379,71
"5.5.0",1588543202030,20750,18868,1612
"5.5.0-gm.2",1588543202030,3914,2370,85
"5.5.0-gm",1588543202030,602,379,71
"5.5.0",1588546801382,20860,18967,1620
"5.5.0-gm.2",1588546801382,3914,2370,85
"5.5.0-gm",1588546801382,602,379,71
"5.5.0",1588550401983,20969,19060,1624
"5.5.0-gm.2",1588550401983,3914,2370,85
"5.5.0-gm",1588550401983,602,379,71
"5.5.0",1588554001660,21072,19156,1625
"5.5.0-gm.2",1588554001660,3914,2370,85
"5.5.0-gm",1588554001660,602,379,71
"5.5.0",1588557601674,21184,19260,1629
"5.5.0-gm.2",1588557601674,3914,2370,85
"5.5.0-gm",1588557601674,602,379,71
"5.5.0",1588561201767,21296,19368,1638
"5.5.0-gm.2",1588561201767,3914,2370,85
"5.5.0-gm",1588561201767,602,379,71
"5.5.0",1588564801958,21410,19469,1641
"5.5.0-gm.2",1588564801958,3914,2370,85
"5.5.0-gm",1588564801958,602,379,71
"5.5.0",1588568401226,21534,19577,1646
"5.5.0-gm.2",1588568401226,3914,2370,85
"5.5.0-gm",1588568401226,602,379,71
"5.5.0",1588572001246,21647,19680,1655
"5.5.0-gm.2",1588572001246,3914,2370,85
"5.5.0-gm",1588572001246,602,379,71
"5.5.0",1588575601895,21765,19796,1665
"5.5.0-gm.2",1588575601895,3914,2370,85
"5.5.0-gm",1588575601895,602,379,71
"5.5.0",1588579202014,21889,19915,1677
"5.5.0-gm.2",1588579202014,3914,2370,85
"5.5.0-gm",1588579202014,602,379,71
"5.5.0",1588582801156,22010,20033,1684
"5.5.0-gm.2",1588582801156,3914,2370,85
"5.5.0-gm",1588582801156,602,379,71
"5.5.0",1588586401573,22130,20150,1698
"5.5.0-gm.2",1588586401573,3914,2370,85
"5.5.0-gm",1588586401573,602,379,71
"5.5.0",1588590001879,22251,20275,1711
"5.5.0-gm.2",1588590001879,3914,2370,85
"5.5.0-gm",1588590001879,602,379,71
"5.5.0",1588593601993,22380,20390,1722
"5.5.0-gm.2",1588593601993,3914,2370,85
"5.5.0-gm",1588593601993,602,379,71
"5.5.0",1588597201846,22515,20513,1730
"5.5.0-gm.2",1588597201846,3914,2370,85
"5.5.0-gm",1588597201846,602,379,71
"5.5.0",1588600801512,22650,20649,1740
"5.5.0-gm.2",1588600801512,3915,2370,85
"5.5.0-gm",1588600801512,602,379,71
"5.5.0",1588604402050,22786,20783,1747
"5.5.0-gm.2",1588604402050,3915,2370,85
"5.5.0-gm",1588604402050,602,379,71
"5.5.0",1588608001856,22918,20914,1758
"5.5.0-gm.2",1588608001856,3915,2370,85
"5.5.0-gm",1588608001856,602,379,71
"5.5.0",1588611601863,23047,21042,1777
"5.5.0-gm.2",1588611601863,3915,2370,85
"5.5.0-gm",1588611601863,602,379,71
"5.5.0",1588615201264,23178,21171,1783
"5.5.0-gm.2",1588615201264,3915,2370,85
"5.5.0-gm",1588615201264,602,379,71
"5.5.0",1588618801546,23304,21296,1793
"5.5.0-gm.2",1588618801546,3915,2370,85
"5.5.0-gm",1588618801546,602,379,71
"5.5.0",1588622402014,23432,21422,1799
"5.5.0-gm.2",1588622402014,3915,2370,85
"5.5.0-gm",1588622402014,602,379,71
"5.5.0",1588626001410,23569,21541,1811
"5.5.0-gm.2",1588626001410,3915,2370,85
"5.5.0-gm",1588626001410,602,379,71
"5.5.0",1588629601842,23694,21659,1818
"5.5.0-gm.2",1588629601842,3915,2370,85
"5.5.0-gm",1588629601842,602,379,71
"5.5.0",1588633201662,23828,21780,1827
"5.5.0-gm.2",1588633201662,3915,2370,85
"5.5.0-gm",1588633201662,602,379,71
"5.5.0",1588636801555,23952,21903,1830
"5.5.0-gm.2",1588636801555,3915,2370,85
"5.5.0-gm",1588636801555,602,379,71
"5.5.0",1588640401858,24073,22008,1837
"5.5.0-gm.2",1588640401858,3915,2370,85
"5.5.0-gm",1588640401858,602,379,71
"5.5.0",1588644001244,24199,22117,1840
"5.5.0-gm.2",1588644001244,3915,2370,85
"5.5.0-gm",1588644001244,602,379,71
"5.5.0",1588647601657,24321,22221,1850
"5.5.0-gm.2",1588647601657,3915,2370,85
"5.5.0-gm",1588647601657,602,379,71
"5.5.0",1588651201634,24438,22327,1859
"5.5.0-gm.2",1588651201634,3915,2370,85
"5.5.0-gm",1588651201634,602,379,71
"5.5.0",1588654801927,24556,22445,1862
"5.5.0-gm.2",1588654801927,3915,2370,85
"5.5.0-gm",1588654801927,602,379,71
"5.5.0",1588658401551,24672,22549,1866
"5.5.0-gm.2",1588658401551,3915,2370,85
"5.5.0-gm",1588658401551,602,379,71
"5.5.0",1588662001282,24801,22664,1871
"5.5.0-gm.2",1588662001282,3915,2370,85
"5.5.0-gm",1588662001282,602,379,71
"5.5.0",1588665601763,24931,22780,1893
"5.5.0-gm.2",1588665601763,3915,2370,85
"5.5.0-gm",1588665601763,602,379,71
"5.5.0",1588669201869,25055,22901,1905
"5.5.0-gm.2",1588669201869,3916,2370,86
"5.5.0-gm",1588669201869,602,379,71
"5.5.0",1588672801355,25190,23015,1915
"5.5.0-gm.2",1588672801355,3916,2370,86
"5.5.0-gm",1588672801355,602,379,71
"5.5.0",1588676401069,25314,23129,1926
"5.5.0-gm.2",1588676401069,3916,2370,86
"5.5.0-gm",1588676401069,602,379,71
"5.5.0",1588680001689,25447,23237,1934
"5.5.0-gm.2",1588680001689,3916,2370,86
"5.5.0-gm",1588680001689,602,379,71
"5.5.0",1588683601963,25579,23355,1947
"5.5.0-gm.2",1588683601963,3916,2370,86
"5.5.0-gm",1588683601963,602,379,71
"5.5.0",1588687201904,25716,23483,1954
"5.5.0-gm.2",1588687201904,3917,2370,86
"5.5.0-gm",1588687201904,602,379,71
"5.5.0",1588690801347,25847,23625,1964
"5.5.0-gm.2",1588690801347,3917,2370,86
"5.5.0-gm",1588690801347,603,379,71
"5.5.0",1588694401500,25976,23752,1969
"5.5.0-gm.2",1588694401500,3917,2370,86
"5.5.0-gm",1588694401500,603,379,71
"5.5.0",1588698002059,26109,23886,1978
"5.5.0-gm.2",1588698002059,3917,2370,86
"5.5.0-gm",1588698002059,603,379,71
"5.5.0",1588701601239,26233,24008,1983
"5.5.0-gm.2",1588701601239,3917,2370,86
"5.5.0-gm",1588701601239,603,379,71
"5.5.0",1588705202027,26361,24129,1992
"5.5.0-gm.2",1588705202027,3917,2370,86
"5.5.0-gm",1588705202027,603,379,71
"5.5.0",1588708801777,26477,24246,1998
"5.5.0-gm.2",1588708801777,3917,2370,86
"5.5.0-gm",1588708801777,603,379,71
"5.5.0",1588712401102,26606,24365,2003
"5.5.0-gm.2",1588712401102,3917,2370,86
"5.5.0-gm",1588712401102,603,379,71
"5.5.0",1588716001234,26737,24485,2009
"5.5.0-gm.2",1588716001234,3917,2370,86
"5.5.0-gm",1588716001234,603,379,71
"5.5.0",1588719601083,26854,24599,2016
"5.5.0-gm.2",1588719601083,3917,2370,86
"5.5.0-gm",1588719601083,603,379,71
"5.5.0",1588723201140,26976,24715,2020
"5.5.0-gm.2",1588723201140,3917,2370,86
"5.5.0-gm",1588723201140,603,379,71
"5.5.0",1588726801705,27096,24830,2024
"5.5.0-gm.2",1588726801705,3917,2370,86
"5.5.0-gm",1588726801705,603,379,71
"5.5.0",1588730401905,27213,24936,2029
"5.5.0-gm.2",1588730401905,3917,2370,86
"5.5.0-gm",1588730401905,603,379,71
"5.5.0",1588734001808,27334,25045,2041
"5.5.0-gm.2",1588734001808,3917,2370,86
"5.5.0-gm",1588734001808,603,379,71
"5.5.0",1588737601686,27455,25157,2052
"5.5.0-gm.2",1588737601686,3917,2370,86
"5.5.0-gm",1588737601686,603,379,71
"5.5.0",1588741201780,27583,25261,2061
"5.5.0-gm.2",1588741201780,3917,2370,86
"5.5.0-gm",1588741201780,603,379,71
"5.5.0",1588744801312,27712,25367,2066
"5.5.0-gm.2",1588744801312,3917,2370,86
"5.5.0-gm",1588744801312,603,379,71
"5.5.0",1588748401709,27834,25486,2076
"5.5.0-gm.2",1588748401709,3917,2370,86
"5.5.0-gm",1588748401709,603,379,71
"5.5.0",1588752001572,27955,25599,2084
"5.5.0-gm.2",1588752001572,3917,2370,86
"5.5.0-gm",1588752001572,603,379,71
"5.5.0",1588755602056,28086,25718,2097
"5.5.0-gm.2",1588755602056,3917,2370,86
"5.5.0-gm",1588755602056,603,379,71
"5.5.0",1588759201254,28214,25824,2115
"5.5.0-gm.2",1588759201254,3917,2370,86
"5.5.0-gm",1588759201254,603,379,71
"5.5.0",1588762801227,28354,25938,2125
"5.5.0-gm.2",1588762801227,3917,2370,86
"5.5.0-gm",1588762801227,603,379,71
"5.5.0",1588766401483,28487,26054,2132
"5.5.0-gm.2",1588766401483,3917,2370,86
"5.5.0-gm",1588766401483,603,379,71
"5.5.0",1588770001213,28619,26180,2143
"5.5.0-gm.2",1588770001213,3917,2370,86
"5.5.0-gm",1588770001213,603,379,71
"5.5.0",1588773601887,28755,26310,2156
"5.5.0-gm.2",1588773601887,3917,2370,86
"5.5.0-gm",1588773601887,603,379,71
"5.5.0",1588777202052,28886,26435,2169
"5.5.0-gm.2",1588777202052,3917,2370,86
"5.5.0-gm",1588777202052,603,379,71
"5.5.0",1588780801430,29023,26555,2175
"5.5.0-gm.2",1588780801430,3917,2370,86
"5.5.0-gm",1588780801430,603,379,71
"5.5.0",1588784401369,29160,26676,2181
"5.5.0-gm.2",1588784401369,3917,2370,86
"5.5.0-gm",1588784401369,603,379,71
"5.5.0",1588788001095,29287,26798,2191
"5.5.0-gm.2",1588788001095,3917,2370,86
"5.5.0-gm",1588788001095,603,379,71
"5.5.0",1588791602067,29417,26920,2199
"5.5.0-gm.2",1588791602067,3917,2370,86
"5.5.0-gm",1588791602067,603,379,71
"5.5.0",1588795201277,29540,27045,2205
"5.5.0-gm.2",1588795201277,3917,2370,86
"5.5.0-gm",1588795201277,603,379,71
"5.5.0",1588798802028,29669,27166,2214
"5.5.0-gm.2",1588798802028,3917,2370,86
"5.5.0-gm",1588798802028,603,379,71
"5.5.0",1588802401699,29790,27287,2220
"5.5.0-gm.2",1588802401699,3917,2370,86
"5.5.0-gm",1588802401699,603,379,71
"5.5.0",1588806001454,29911,27391,2226
"5.5.0-gm.2",1588806001454,3917,2370,86
"5.5.0-gm",1588806001454,603,379,71
"5.5.0",1588809601831,30026,27502,2229
"5.5.0-gm.2",1588809601831,3917,2370,86
"5.5.0-gm",1588809601831,603,379,71
"5.5.0",1588813201402,30146,27613,2234
"5.5.0-gm.2",1588813201402,3917,2370,86
"5.5.0-gm",1588813201402,603,379,71
"5.5.0",1588816801926,30262,27723,2242
"5.5.0-gm.2",1588816801926,3917,2370,86
"5.5.0-gm",1588816801926,603,379,71
"5.5.0",1588820401735,30382,27827,2249
"5.5.0-gm.2",1588820401735,3917,2370,86
"5.5.0-gm",1588820401735,603,379,71
"5.5.0",1588824001199,30505,27926,2252
"5.5.0-gm.2",1588824001199,3917,2370,86
"5.5.0-gm",1588824001199,603,379,71
"5.5.0",1588827601836,30622,28030,2255
"5.5.0-gm.2",1588827601836,3917,2370,86
"5.5.0-gm",1588827601836,603,379,71
"5.5.0",1588831201134,30740,28132,2263
"5.5.0-gm.2",1588831201134,3917,2370,86
"5.5.0-gm",1588831201134,603,379,71
"5.5.0",1588834801731,30864,28242,2271
"5.5.0-gm.2",1588834801731,3917,2370,86
"5.5.0-gm",1588834801731,603,379,71
"5.5.0",1588838401691,30993,28353,2288
"5.5.0-gm.2",1588838401691,3917,2370,86
"5.5.0-gm",1588838401691,603,379,71
"5.5.0",1588842002047,31115,28460,2296
"5.5.0-gm.2",1588842002047,3917,2370,86
"5.5.0-gm",1588842002047,603,379,71
"5.5.0",1588845601928,31239,28564,2307
"5.5.0-gm.2",1588845601928,3917,2370,86
"5.5.0-gm",1588845601928,603,379,71
"5.5.0",1588849201762,31359,28676,2320
"5.5.0-gm.2",1588849201762,3917,2370,86
"5.5.0-gm",1588849201762,603,379,71
"5.5.0",1588852801791,31489,28794,2326
"5.5.0-gm.2",1588852801791,3917,2370,86
"5.5.0-gm",1588852801791,603,379,71
"5.5.0",1588856401788,31624,28919,2334
"5.5.0-gm.2",1588856401788,3917,2370,86
"5.5.0-gm",1588856401788,603,379,71
"5.5.0",1588860001175,31753,29047,2342
"5.5.0-gm.2",1588860001175,3917,2370,86
"5.5.0-gm",1588860001175,603,379,71
"5.5.0",1588863601418,31881,29175,2358
"5.5.0-gm.2",1588863601418,3917,2370,86
"5.5.0-gm",1588863601418,603,379,71
"5.5.0",1588867202021,32018,29306,2367
"5.5.0-gm.2",1588867202021,3917,2370,86
"5.5.0-gm",1588867202021,603,379,71
"5.5.0",1588870801252,32145,29427,2378
"5.5.0-gm.2",1588870801252,3917,2370,86
"5.5.0-gm",1588870801252,603,379,71
"5.5.0",1588874401423,32265,29549,2387
"5.5.0-gm.2",1588874401423,3917,2370,86
"5.5.0-gm",1588874401423,603,379,71
"5.5.0",1588878001383,32392,29666,2398
"5.5.0-gm.2",1588878001383,3917,2370,86
"5.5.0-gm",1588878001383,603,379,71
"5.5.0",1588881601349,32521,29779,2415
"5.5.0-gm.2",1588881601349,3917,2370,86
"5.5.0-gm",1588881601349,603,379,71
"5.5.0",1588885202024,32651,29900,2422
"5.5.0-gm.2",1588885202024,3917,2370,86
"5.5.0-gm",1588885202024,603,379,71
"5.5.0",1588888801728,32770,30019,2432
"5.5.0-gm.2",1588888801728,3917,2370,86
"5.5.0-gm",1588888801728,603,379,71
"5.5.0",1588892401842,32826,30061,2442
"5.5.0-gm.2",1588892401842,3917,2370,86
"5.5.0-gm",1588892401842,603,379,71
"5.5.0",1588896001208,32923,30154,2448
"5.5.0-gm.2",1588896001208,3917,2370,86
"5.5.0-gm",1588896001208,603,379,71
"5.5.0",1588899601364,33041,30261,2459
"5.5.0-gm.2",1588899601364,3917,2370,86
"5.5.0-gm",1588899601364,603,379,71
"5.5.0",1588903201424,33163,30366,2469
"5.5.0-gm.2",1588903201424,3917,2370,86
"5.5.0-gm",1588903201424,603,379,71
"5.5.0",1588906801074,33284,30472,2480
"5.5.0-gm.2",1588906801074,3917,2370,86
"5.5.0-gm",1588906801074,603,379,71
"5.5.0",1588910401445,33400,30570,2485
"5.5.0-gm.2",1588910401445,3917,2370,86
"5.5.0-gm",1588910401445,603,379,71
"5.5.0",1588914001782,33520,30669,2490
"5.5.0-gm.2",1588914001782,3917,2370,86
"5.5.0-gm",1588914001782,603,379,71
"5.5.0",1588917601918,33641,30771,2500
"5.5.0-gm.2",1588917601918,3917,2370,86
"5.5.0-gm",1588917601918,603,379,71
"5.5.0",1588921201512,33764,30886,2514
"5.5.0-gm.2",1588921201512,3917,2370,86
"5.5.0-gm",1588921201512,603,379,71
"5.5.0",1588924801963,33889,30997,2521
"5.5.0-gm.2",1588924801963,3917,2370,86
"5.5.0-gm",1588924801963,603,379,71
"5.5.0",1588928401101,34013,31104,2533
"5.5.0-gm.2",1588928401101,3917,2370,87
"5.5.0-gm",1588928401101,603,379,72
"5.5.0",1588932001549,34139,31204,2544
"5.5.0-gm.2",1588932001549,3917,2370,87
"5.5.0-gm",1588932001549,603,379,72
"5.5.0",1588935601879,34263,31302,2562
"5.5.0-gm.2",1588935601879,3917,2370,87
"5.5.0-gm",1588935601879,603,379,72
"5.5.0",1588939201771,34395,31409,2570
"5.5.0-gm.2",1588939201771,3917,2370,87
"5.5.0-gm",1588939201771,603,379,72
"5.5.0",1588942801408,34531,31521,2580
"5.5.0-gm.2",1588942801408,3917,2370,87
"5.5.0-gm",1588942801408,603,379,72
"5.5.0",1588946401295,34671,31641,2593
"5.5.0-gm.2",1588946401295,3917,2370,87
"5.5.0-gm",1588946401295,603,379,72
"5.5.0",1588950001385,34807,31763,2603
"5.5.0-gm.2",1588950001385,3917,2370,87
"5.5.0-gm",1588950001385,603,379,72
"5.5.0",1588953601334,34944,31883,2611
"5.5.0-gm.2",1588953601334,3917,2370,87
"5.5.0-gm",1588953601334,603,379,72
"5.5.0",1588957201921,35082,32004,2621
"5.5.0-gm.2",1588957201921,3917,2370,87
"5.5.0-gm",1588957201921,603,379,72
"5.5.0",1588960801466,35205,32128,2627
"5.5.0-gm.2",1588960801466,3917,2370,87
"5.5.0-gm",1588960801466,603,379,72
"5.5.0",1588964401967,35329,32244,2639
"5.5.0-gm.2",1588964401967,3917,2370,87
"5.5.0-gm",1588964401967,603,379,72
"5.5.0",1588968001885,35453,32359,2647
"5.5.0-gm.2",1588968001885,3917,2370,87
"5.5.0-gm",1588968001885,603,379,72
"5.5.0",1588971601200,35575,32469,2656
"5.5.0-gm.2",1588971601200,3917,2370,87
"5.5.0-gm",1588971601200,603,379,72
"5.5.0",1588975201904,35694,32584,2667
"5.5.0-gm.2",1588975201904,3917,2370,87
"5.5.0-gm",1588975201904,603,379,72
"5.5.0",1588978801950,35807,32691,2672
"5.5.0-gm.2",1588978801950,3917,2370,87
"5.5.0-gm",1588978801950,603,379,72
"5.5.0",1588982401288,35914,32800,2674
"5.5.0-gm.2",1588982401288,3917,2370,88
"5.5.0-gm",1588982401288,603,379,73
"5.5.0",1588986001523,36017,32893,2675
"5.5.0-gm.2",1588986001523,3917,2370,88
"5.5.0-gm",1588986001523,604,379,75
"5.5.0",1588989601376,36123,32986,2681
"5.5.0-gm.2",1588989601376,3918,2370,89
"5.5.0-gm",1588989601376,605,381,76
"5.5.0",1588993201311,36233,33070,2686
"5.5.0-gm.2",1588993201311,3919,2372,91
"5.5.0-gm",1588993201311,605,381,76
"5.5.0",1588996801189,36348,33153,2690
"5.5.0-gm.2",1588996801189,3919,2372,91
"5.5.0-gm",1588996801189,605,381,76
"5.5.0",1589000401459,36454,33238,2698
"5.5.0-gm.2",1589000401459,3919,2372,91
"5.5.0-gm",1589000401459,605,381,76
"5.5.0",1589004001478,36558,33331,2702
"5.5.0-gm.2",1589004001478,3919,2372,91
"5.5.0-gm",1589004001478,605,381,76
"5.5.0",1589007601149,36659,33412,2708
"5.5.0-gm.2",1589007601149,3919,2372,91
"5.5.0-gm",1589007601149,605,381,76
"5.5.0",1589011201146,36765,33496,2712
"5.5.0-gm.2",1589011201146,3919,2372,91
"5.5.0-gm",1589011201146,605,381,76
"5.5.0",1589014801101,36868,33581,2718
"5.5.0-gm.2",1589014801101,3919,2372,91
"5.5.0-gm",1589014801101,605,381,76
"5.5.0",1589018401522,36975,33662,2726
"5.5.0-gm.2",1589018401522,3919,2372,91
"5.5.0-gm",1589018401522,605,381,76
"5.5.0",1589022001617,37081,33756,2731
"5.5.0-gm.2",1589022001617,3919,2372,91
"5.5.0-gm",1589022001617,605,381,76
"5.5.0",1589025601486,37184,33843,2745
"5.5.0-gm.2",1589025601486,3919,2372,91
"5.5.0-gm",1589025601486,605,381,76
"5.5.0",1589029201843,37299,33932,2752
"5.5.0-gm.2",1589029201843,3919,2372,91
"5.5.0-gm",1589029201843,605,381,76
"5.5.0",1589032801816,37413,34031,2763
"5.5.0-gm.2",1589032801816,3919,2372,91
"5.5.0-gm",1589032801816,605,381,76
"5.5.0",1589036401071,37526,34133,2768
"5.5.0-gm.2",1589036401071,3919,2372,91
"5.5.0-gm",1589036401071,605,381,76
"5.5.0",1589040001194,37637,34231,2776
"5.5.0-gm.2",1589040001194,3919,2372,91
"5.5.0-gm",1589040001194,605,381,76
"5.5.0",1589043601340,37755,34323,2779
"5.5.0-gm.2",1589043601340,3919,2372,91
"5.5.0-gm",1589043601340,605,381,76
"5.5.0",1589047201432,37874,34417,2784
"5.5.0-gm.2",1589047201432,3919,2372,91
"5.5.0-gm",1589047201432,605,381,76
"5.5.0",1589050801574,37986,34514,2790
"5.5.0-gm.2",1589050801574,3919,2372,91
"5.5.0-gm",1589050801574,605,381,76
"5.5.0",1589054401519,38095,34610,2800
"5.5.0-gm.2",1589054401519,3919,2372,91
"5.5.0-gm",1589054401519,605,381,76
"5.5.0",1589058001766,38213,34711,2806
"5.5.0-gm.2",1589058001766,3919,2372,91
"5.5.0-gm",1589058001766,605,381,76
"5.5.0",1589061601782,38325,34806,2817
"5.5.0-gm.2",1589061601782,3919,2372,91
"5.5.0-gm",1589061601782,605,381,76
"5.5.0",1589065201602,38439,34901,2822
"5.5.0-gm.2",1589065201602,3919,2372,91
"5.5.0-gm",1589065201602,605,381,76
"5.5.0",1589068801838,38549,34988,2825
"5.5.0-gm.2",1589068801838,3919,2372,91
"5.5.0-gm",1589068801838,605,381,76
"5.5.0",1589072401088,38663,35074,2829
"5.5.0-gm.2",1589072401088,3919,2372,91
"5.5.0-gm",1589072401088,605,381,76
"5.5.0",1589076001771,38768,35160,2833
"5.5.0-gm.2",1589076001771,3919,2372,91
"5.5.0-gm",1589076001771,605,381,76
"5.5.0",1589079601634,38867,35235,2836
"5.5.0-gm.2",1589079601634,3919,2372,91
"5.5.0-gm",1589079601634,605,381,76
"5.5.0",1589083201403,38971,35317,2837
"5.5.0-gm.2",1589083201403,3919,2372,91
"5.5.0-gm",1589083201403,605,381,76
"5.5.0",1589086801386,39072,35395,2838
"5.5.0-gm.2",1589086801386,3919,2372,91
"5.5.0-gm",1589086801386,605,381,76
"5.5.0",1589090401114,39169,35473,2841
"5.5.0-gm.2",1589090401114,3919,2372,91
"5.5.0-gm",1589090401114,605,381,76
"5.5.0",1589094002052,39265,35558,2843
"5.5.0-gm.2",1589094002052,3919,2372,91
"5.5.0-gm",1589094002052,605,381,76
"5.5.0",1589097601280,39366,35645,2844
"5.5.0-gm.2",1589097601280,3919,2372,91
"5.5.0-gm",1589097601280,605,381,76
"5.5.0",1589101201747,39477,35739,2846
"5.5.0-gm.2",1589101201747,3919,2372,91
"5.5.0-gm",1589101201747,605,381,76
"5.5.0",1589104801896,39583,35832,2850
"5.5.0-gm.2",1589104801896,3919,2372,91
"5.5.0-gm",1589104801896,605,381,76
"5.5.0",1589108401767,39683,35918,2853
"5.5.0-gm.2",1589108401767,3919,2372,91
"5.5.0-gm",1589108401767,605,381,76
"5.5.0",1589112001889,39783,36000,2855
"5.5.0-gm.2",1589112001889,3919,2372,91
"5.5.0-gm",1589112001889,605,381,76
"5.5.0",1589115601461,39888,36084,2858
"5.5.0-gm.2",1589115601461,3919,2372,91
"5.5.0-gm",1589115601461,605,381,76
"5.5.0",1589119201781,39998,36171,2866
"5.5.0-gm.2",1589119201781,3919,2372,91
"5.5.0-gm",1589119201781,605,381,76
"5.5.0",1589122801200,40112,36262,2871
"5.5.0-gm.2",1589122801200,3919,2372,91
"5.5.0-gm",1589122801200,605,381,76
"5.5.0",1589126401454,40222,36350,2877
"5.5.0-gm.2",1589126401454,3919,2372,91
"5.5.0-gm",1589126401454,605,381,76
"5.5.0",1589130001875,40324,36444,2880
"5.5.0-gm.2",1589130001875,3919,2372,91
"5.5.0-gm",1589130001875,605,381,76
"5.5.0",1589133601111,40437,36535,2884
"5.5.0-gm.2",1589133601111,3919,2372,91
"5.5.0-gm",1589133601111,605,381,76
"5.5.0",1589137201224,40545,36624,2887
"5.5.0-gm.2",1589137201224,3919,2372,91
"5.5.0-gm",1589137201224,605,381,76
"5.5.0",1589140801282,40650,36713,2892
"5.5.0-gm.2",1589140801282,3919,2372,91
"5.5.0-gm",1589140801282,605,381,76
"5.5.0",1589144401603,40764,36802,2898
"5.5.0-gm.2",1589144401603,3919,2372,91
"5.5.0-gm",1589144401603,605,381,76
"5.5.0",1589148001453,40876,36890,2901
"5.5.0-gm.2",1589148001453,3919,2372,91
"5.5.0-gm",1589148001453,605,381,76
"5.5.0",1589151601350,40986,36982,2901
"5.5.0-gm.2",1589151601350,3919,2372,91
"5.5.0-gm",1589151601350,605,381,76
"5.5.0",1589155201825,41092,37072,2905
"5.5.0-gm.2",1589155201825,3919,2372,91
"5.5.0-gm",1589155201825,605,381,76
"5.5.0",1589158802026,41201,37168,2909
"5.5.0-gm.2",1589158802026,3919,2372,91
"5.5.0-gm",1589158802026,605,381,76
"5.5.0",1589162401806,41320,37269,2914
"5.5.0-gm.2",1589162401806,3919,2372,91
"5.5.0-gm",1589162401806,605,381,76
"5.5.0",1589166001270,41432,37369,2917
"5.5.0-gm.2",1589166001270,3919,2372,91
"5.5.0-gm",1589166001270,605,381,76
"5.5.0",1589169601567,41540,37469,2921
"5.5.0-gm.2",1589169601567,3919,2372,91
"5.5.0-gm",1589169601567,605,381,76
"5.5.0",1589173202087,41665,37576,2925
"5.5.0-gm.2",1589173202087,3919,2372,91
"5.5.0-gm",1589173202087,605,381,76
"5.5.0",1589176801894,41773,37684,2927
"5.5.0-gm.2",1589176801894,3919,2372,91
"5.5.0-gm",1589176801894,605,381,76
"5.5.0",1589180401241,41882,37801,2934
"5.5.0-gm.2",1589180401241,3919,2372,91
"5.5.0-gm",1589180401241,605,381,76
"5.5.0",1589184001955,42001,37908,2941
"5.5.0-gm.2",1589184001955,3919,2372,91
"5.5.0-gm",1589184001955,605,381,76
"5.5.0",1589187601900,42122,38017,2955
"5.5.0-gm.2",1589187601900,3919,2372,91
"5.5.0-gm",1589187601900,605,381,76
"5.5.0",1589191202030,42241,38125,2966
"5.5.0-gm.2",1589191202030,3919,2372,91
"5.5.0-gm",1589191202030,605,381,76
"5.5.0",1589194801444,42351,38232,2972
"5.5.0-gm.2",1589194801444,3919,2372,91
"5.5.0-gm",1589194801444,605,381,76
"5.5.0",1589198401367,42471,38345,2977
"5.5.0-gm.2",1589198401367,3919,2372,91
"5.5.0-gm",1589198401367,605,381,76
"5.5.0",1589202001906,42595,38462,2983
"5.5.0-gm.2",1589202001906,3919,2372,91
"5.5.0-gm",1589202001906,605,381,76
"5.5.0",1589205601090,42726,38592,2995
"5.5.0-gm.2",1589205601090,3919,2372,91
"5.5.0-gm",1589205601090,605,381,76
"5.5.0",1589209201243,42862,38718,3008
"5.5.0-gm.2",1589209201243,3919,2372,91
"5.5.0-gm",1589209201243,605,381,76
"5.5.0",1589212801761,42989,38845,3018
"5.5.0-gm.2",1589212801761,3919,2372,91
"5.5.0-gm",1589212801761,605,381,76
"5.5.0",1589216401463,43113,38962,3023
"5.5.0-gm.2",1589216401463,3919,2372,91
"5.5.0-gm",1589216401463,605,381,76
"5.5.0",1589220001632,43239,39085,3031
"5.5.0-gm.2",1589220001632,3919,2372,91
"5.5.0-gm",1589220001632,605,381,76
"5.5.0",1589223601735,43358,39207,3041
"5.5.0-gm.2",1589223601735,3919,2372,91
"5.5.0-gm",1589223601735,605,381,76
"5.5.0",1589227201515,43479,39321,3050
"5.5.0-gm.2",1589227201515,3919,2372,91
"5.5.0-gm",1589227201515,605,381,76
"5.5.0",1589230801525,43601,39436,3057
"5.5.0-gm.2",1589230801525,3919,2372,91
"5.5.0-gm",1589230801525,605,381,76
"5.5.0",1589234401145,43720,39561,3060
"5.5.0-gm.2",1589234401145,3919,2372,91
"5.5.0-gm",1589234401145,605,381,76
"5.5.0",1589238001165,43841,39674,3067
"5.5.0-gm.2",1589238001165,3919,2372,91
"5.5.0-gm",1589238001165,605,381,76
"5.5.0",1589241601453,43960,39778,3070
"5.5.0-gm.2",1589241601453,3919,2372,91
"5.5.0-gm",1589241601453,605,381,76
"5.5.0",1589245201315,44074,39884,3075
"5.5.0-gm.2",1589245201315,3919,2372,91
"5.5.0-gm",1589245201315,605,381,76
"5.5.0",1589248801309,44198,39991,3080
"5.5.0-gm.2",1589248801309,3919,2372,91
"5.5.0-gm",1589248801309,605,381,76
"5.5.0",1589252401305,44321,40102,3087
"5.5.0-gm.2",1589252401305,3919,2372,91
"5.5.0-gm",1589252401305,605,381,76
"5.5.0",1589256001422,44438,40203,3092
"5.5.0-gm.2",1589256001422,3919,2372,91
"5.5.0-gm",1589256001422,605,381,76
"5.5.0",1589259601268,44559,40311,3099
"5.5.0-gm.2",1589259601268,3919,2372,91
"5.5.0-gm",1589259601268,605,381,76
"5.5.0",1589263202079,44673,40420,3111
"5.5.0-gm.2",1589263202079,3919,2372,91
"5.5.0-gm",1589263202079,605,381,76
"5.5.0",1589266801527,44789,40529,3120
"5.5.0-gm.2",1589266801527,3919,2372,91
"5.5.0-gm",1589266801527,605,381,76
"5.5.0",1589270401389,44903,40635,3130
"5.5.0-gm.2",1589270401389,3919,2372,91
"5.5.0-gm",1589270401389,605,381,76
"5.5.0",1589274001879,45022,40737,3140
"5.5.0-gm.2",1589274001879,3919,2372,91
"5.5.0-gm",1589274001879,605,381,76
"5.5.0",1589277601261,45123,40841,3153
"5.5.0-gm.2",1589277601261,3919,2372,91
"5.5.0-gm",1589277601261,605,381,76
"5.5.0",1589281201234,45227,40935,3160
"5.5.0-gm.2",1589281201234,3919,2372,91
"5.5.0-gm",1589281201234,605,381,76
"5.5.0",1589284801941,45333,41039,3165
"5.5.0-gm.2",1589284801941,3919,2372,91
"5.5.0-gm",1589284801941,605,381,76
"5.5.0",1589288402022,45445,41154,3173
"5.5.0-gm.2",1589288402022,3919,2372,91
"5.5.0-gm",1589288402022,605,381,76
"5.5.0",1589292001162,45562,41271,3180
"5.5.0-gm.2",1589292001162,3919,2372,91
"5.5.0-gm",1589292001162,605,381,76
"5.5.0",1589295601780,45687,41394,3186
"5.5.0-gm.2",1589295601780,3919,2372,92
"5.5.0-gm",1589295601780,605,381,76
"5.5.0",1589299201520,45813,41519,3191
"5.5.0-gm.2",1589299201520,3919,2372,92
"5.5.0-gm",1589299201520,605,381,76
"5.5.0",1589302801941,45939,41649,3198
"5.5.0-gm.2",1589302801941,3919,2372,92
"5.5.0-gm",1589302801941,605,381,76
"5.5.0",1589306401329,46065,41766,3207
"5.5.0-gm.2",1589306401329,3919,2372,92
"5.5.0-gm",1589306401329,605,381,76
"5.5.0",1589310001983,46186,41892,3213
"5.5.0-gm.2",1589310001983,3919,2372,92
"5.5.0-gm",1589310001983,605,381,76
"5.5.0",1589313601966,46316,42021,3224
"5.5.0-gm.2",1589313601966,3919,2372,92
"5.5.0-gm",1589313601966,605,381,76
"5.5.0",1589317202021,46434,42135,3227
"5.5.0-gm.2",1589317202021,3919,2372,93
"5.5.0-gm",1589317202021,605,381,76
"5.5.0",1589320801952,46551,42250,3231
"5.5.0-gm.2",1589320801952,3919,2372,93
"5.5.0-gm",1589320801952,606,381,76
"5.5.0",1589324401936,46662,42363,3233
"5.5.0-gm.2",1589324401936,3919,2372,93
"5.5.0-gm",1589324401936,606,381,76
"5.5.0",1589328001489,46777,42471,3239
"5.5.0-gm.2",1589328001489,3919,2372,93
"5.5.0-gm",1589328001489,606,381,76
"5.5.0",1589331601357,46899,42583,3244
"5.5.0-gm.2",1589331601357,3919,2372,93
"5.5.0-gm",1589331601357,606,382,76
"5.5.0",1589335202015,47017,42693,3248
"5.5.0-gm.2",1589335202015,3919,2372,93
"5.5.0-gm",1589335202015,606,382,77
"5.5.0",1589338801442,47136,42799,3253
"5.5.0-gm.2",1589338801442,3919,2372,93
"5.5.0-gm",1589338801442,606,382,78
"5.5.0",1589342401178,47267,42908,3261
"5.5.0-gm.2",1589342401178,3919,2372,93
"5.5.0-gm",1589342401178,606,382,78
"5.5.0",1589346002063,47386,43015,3266
"5.5.0-gm.2",1589346002063,3919,2373,93
"5.5.0-gm",1589346002063,606,382,78
"5.5.0",1589349602024,47496,43117,3269
"5.5.0-gm.2",1589349602024,3919,2373,94
"5.5.0-gm",1589349602024,606,382,78
"5.5.0",1589353201645,47610,43224,3276
"5.5.0-gm.2",1589353201645,3919,2373,94
"5.5.0-gm",1589353201645,606,382,78
"5.5.0",1589356802032,47732,43329,3282
"5.5.0-gm.2",1589356802032,3920,2373,94
"5.5.0-gm",1589356802032,606,382,78
"5.5.0",1589360401666,47849,43430,3296
"5.5.0-gm.2",1589360401666,3921,2373,94
"5.5.0-gm",1589360401666,606,382,78
"5.5.0",1589364001811,47962,43524,3304
"5.5.0-gm.2",1589364001811,3921,2373,94
"5.5.0-gm",1589364001811,606,382,78
"5.5.0",1589367601539,48064,43628,3317
"5.5.0-gm.2",1589367601539,3921,2373,94
"5.5.0-gm",1589367601539,606,382,78
"5.5.0",1589371201855,48177,43731,3323
"5.5.0-gm.2",1589371201855,3921,2373,94
"5.5.0-gm",1589371201855,606,382,78
"5.5.0",1589374801822,48291,43835,3336
"5.5.0-gm.2",1589374801822,3921,2373,94
"5.5.0-gm",1589374801822,606,383,78
"5.5.0",1589378401804,48414,43951,3342
"5.5.0-gm.2",1589378401804,3921,2373,94
"5.5.0-gm",1589378401804,606,383,78
"5.5.0",1589382001991,48542,44072,3348
"5.5.0-gm.2",1589382001991,3921,2373,94
"5.5.0-gm",1589382001991,607,383,78
"5.5.0",1589385601588,48672,44188,3356
"5.5.0-gm.2",1589385601588,3921,2375,95
"5.5.0-gm",1589385601588,607,383,78
"5.5.0",1589389201793,48795,44306,3363
"5.5.0-gm.2",1589389201793,3921,2375,95
"5.5.0-gm",1589389201793,607,383,79
"5.5.0",1589392801533,48920,44423,3366
"5.5.0-gm.2",1589392801533,3921,2375,95
"5.5.0-gm",1589392801533,607,383,79
"5.5.0",1589396401404,49044,44550,3370
"5.5.0-gm.2",1589396401404,3921,2375,95
"5.5.0-gm",1589396401404,607,383,80
"5.5.0",1589400001490,49165,44673,3373
"5.5.0-gm.2",1589400001490,3921,2375,95
"5.5.0-gm",1589400001490,607,383,80
"5.5.0",1589403601802,49277,44790,3380
"5.5.0-gm.2",1589403601802,3921,2376,96
"5.5.0-gm",1589403601802,607,383,80
"5.5.0",1589407201430,49381,44901,3383
"5.5.0-gm.2",1589407201430,3921,2376,97
"5.5.0-gm",1589407201430,607,383,80
"5.5.0",1589410801754,49490,45022,3385
"5.5.0-gm.2",1589410801754,3921,2376,97
"5.5.0-gm",1589410801754,607,383,80
"5.5.0",1589414401883,49595,45129,3386
"5.5.0-gm.2",1589414401883,3921,2376,97
"5.5.0-gm",1589414401883,607,383,80
"5.5.0",1589418001822,49711,45239,3391
"5.5.0-gm.2",1589418001822,3921,2376,97
"5.5.0-gm",1589418001822,607,383,80
"5.5.0",1589421601628,49818,45347,3394
"5.5.0-gm.2",1589421601628,3921,2376,97
"5.5.0-gm",1589421601628,607,383,80
"5.5.0",1589425201404,49930,45446,3397
"5.5.0-gm.2",1589425201404,3921,2376,98
"5.5.0-gm",1589425201404,608,383,80
"5.5.0",1589428801767,50049,45551,3400
"5.5.0-gm.2",1589428801767,3921,2376,98
"5.5.0-gm",1589428801767,608,383,80
"5.5.0",1589432401911,50166,45651,3405
"5.5.0-gm.2",1589432401911,3921,2376,98
"5.5.0-gm",1589432401911,608,384,81
"5.5.0",1589436001550,50277,45752,3412
"5.5.0-gm.2",1589436001550,3921,2376,98
"5.5.0-gm",1589436001550,608,384,82
"5.5.0",1589439601261,50384,45860,3419
"5.5.0-gm.2",1589439601261,3921,2376,98
"5.5.0-gm",1589439601261,608,384,82
"5.5.0",1589443201761,50492,45961,3428
"5.5.0-gm.2",1589443201761,3921,2376,98
"5.5.0-gm",1589443201761,608,384,83
"5.5.0",1589446802062,50598,46068,3436
"5.5.0-gm.2",1589446802062,3921,2376,98
"5.5.0-gm",1589446802062,608,384,83
"5.5.0",1589450401817,50705,46163,3443
"5.5.0-gm.2",1589450401817,3921,2376,98
"5.5.0-gm",1589450401817,608,384,84
"5.5.0",1589454001502,50810,46258,3451
"5.5.0-gm.2",1589454001502,3921,2376,98
"5.5.0-gm",1589454001502,608,384,84
"5.5.0",1589457601551,50915,46359,3457
"5.5.0-gm.2",1589457601551,3921,2376,98
"5.5.0-gm",1589457601551,608,384,84
"5.5.0",1589461201124,51025,46471,3467
"5.5.0-gm.2",1589461201124,3921,2376,98
"5.5.0-gm",1589461201124,608,384,84
"5.5.0",1589464802029,51142,46597,3473
"5.5.0-gm.2",1589464802029,3921,2376,98
"5.5.0-gm",1589464802029,608,384,84
"5.5.0",1589468401720,51267,46711,3486
"5.5.0-gm.2",1589468401720,3921,2376,98
"5.5.0-gm",1589468401720,608,384,84
"5.5.0",1589472001978,51381,46837,3494
"5.5.0-gm.2",1589472001978,3921,2376,98
"5.5.0-gm",1589472001978,608,384,84
"5.5.0",1589475601848,51504,46952,3499
"5.5.0-gm.2",1589475601848,3921,2376,98
"5.5.0-gm",1589475601848,608,384,84
"5.5.0",1589479201698,51621,47075,3505
"5.5.0-gm.2",1589479201698,3922,2376,98
"5.5.0-gm",1589479201698,608,384,84
"5.5.0",1589482801112,51729,47200,3510
"5.5.0-gm.2",1589482801112,3922,2376,98
"5.5.0-gm",1589482801112,608,384,84
"5.5.0",1589486401286,51841,47319,3515
"5.5.0-gm.2",1589486401286,3923,2376,99
"5.5.0-gm",1589486401286,608,384,84
"5.5.0",1589490001937,51955,47438,3521
"5.5.0-gm.2",1589490001937,3923,2376,99
"5.5.0-gm",1589490001937,608,384,84
"5.5.0",1589493601632,52069,47554,3528
"5.5.0-gm.2",1589493601632,3923,2376,99
"5.5.0-gm",1589493601632,608,384,84
"5.5.0",1589497202089,52193,47659,3536
"5.5.0-gm.2",1589497202089,3923,2376,99
"5.5.0-gm",1589497202089,608,384,84
"5.5.0",1589500801417,52303,47764,3541
"5.5.0-gm.2",1589500801417,3923,2376,99
"5.5.0-gm",1589500801417,608,384,84
"5.5.0",1589504401136,52415,47871,3546
"5.5.0-gm.2",1589504401136,3923,2376,99
"5.5.0-gm",1589504401136,608,384,84
"5.5.0",1589508001771,52527,47978,3551
"5.5.0-gm.2",1589508001771,3923,2376,99
"5.5.0-gm",1589508001771,608,384,84
"5.5.0",1589511601887,52635,48086,3558
"5.5.0-gm.2",1589511601887,3923,2376,99
"5.5.0-gm",1589511601887,608,384,84
"5.5.0",1589515201381,52744,48188,3563
"5.5.0-gm.2",1589515201381,3923,2376,99
"5.5.0-gm",1589515201381,608,384,84
"5.5.0",1589518801791,52853,48287,3568
"5.5.0-gm.2",1589518801791,3923,2376,99
"5.5.0-gm",1589518801791,608,384,84
"5.5.0",1589522401922,52962,48390,3574
"5.5.0-gm.2",1589522401922,3923,2376,99
"5.5.0-gm",1589522401922,608,384,84
"5.5.0",1589526001893,53067,48494,3579
"5.5.0-gm.2",1589526001893,3923,2376,99
"5.5.0-gm",1589526001893,608,384,84
"5.5.0",1589529601898,53175,48589,3586
"5.5.0-gm.2",1589529601898,3923,2376,99
"5.5.0-gm",1589529601898,608,384,84
"5.5.0",1589533201934,53280,48683,3591
"5.5.0-gm.2",1589533201934,3923,2376,99
"5.5.0-gm",1589533201934,608,384,84
"5.5.0",1589536801355,53382,48776,3598
"5.5.0-gm.2",1589536801355,3923,2376,99
"5.5.0-gm",1589536801355,608,384,84
"5.5.0",1589540402014,53494,48868,3608
"5.5.0-gm.2",1589540402014,3923,2376,99
"5.5.0-gm",1589540402014,608,384,84
"5.5.0",1589544001885,53600,48961,3614
"5.5.0-gm.2",1589544001885,3923,2376,99
"5.5.0-gm",1589544001885,608,384,84
"5.5.0",1589547601634,53712,49062,3620
"5.5.0-gm.2",1589547601634,3923,2376,99
"5.5.0-gm",1589547601634,608,384,84
"5.5.0",1589551201760,53839,49168,3625
"5.5.0-gm.2",1589551201760,3923,2376,100
"5.5.0-gm",1589551201760,608,384,84
"5.5.0",1589554801155,53957,49288,3632
"5.5.0-gm.2",1589554801155,3923,2376,100
"5.5.0-gm",1589554801155,608,384,84
"5.5.0",1589558402068,54081,49410,3639
"5.5.0-gm.2",1589558402068,3923,2376,100
"5.5.0-gm",1589558402068,608,384,84
"5.5.0",1589562001431,54210,49523,3643
"5.5.0-gm.2",1589562001431,3923,2376,100
"5.5.0-gm",1589562001431,608,384,84
"5.5.0",1589565601484,54334,49643,3652
"5.5.0-gm.2",1589565601484,3923,2376,100
"5.5.0-gm",1589565601484,608,384,84
"5.5.0",1589569201328,54446,49757,3654
"5.5.0-gm.2",1589569201328,3923,2376,100
"5.5.0-gm",1589569201328,608,384,84
"5.5.0",1589572801835,54558,49871,3659
"5.5.0-gm.2",1589572801835,3923,2376,100
"5.5.0-gm",1589572801835,608,384,84
"5.5.0",1589576401561,54672,49981,3663
"5.5.0-gm.2",1589576401561,3923,2376,100
"5.5.0-gm",1589576401561,608,384,84
"5.5.0",1589580001535,54779,50085,3668
"5.5.0-gm.2",1589580001535,3923,2376,100
"5.5.0-gm",1589580001535,608,384,84
"5.5.0",1589583601465,54887,50185,3669
"5.5.0-gm.2",1589583601465,3923,2376,100
"5.5.0-gm",1589583601465,608,384,84
"5.5.0",1589587202084,54990,50272,3672
"5.5.0-gm.2",1589587202084,3923,2376,100
"5.5.0-gm",1589587202084,608,385,84
"5.5.0",1589590801430,55093,50360,3673
"5.5.0-gm.2",1589590801430,3923,2376,100
"5.5.0-gm",1589590801430,608,385,84
"5.5.0",1589594401318,55188,50439,3677
"5.5.0-gm.2",1589594401318,3923,2376,100
"5.5.0-gm",1589594401318,608,385,84
"5.5.0",1589598001497,55295,50519,3680
"5.5.0-gm.2",1589598001497,3923,2376,100
"5.5.0-gm",1589598001497,608,385,84
"5.5.0",1589601601436,55402,50594,3683
"5.5.0-gm.2",1589601601436,3923,2376,100
"5.5.0-gm",1589601601436,608,385,84
"5.5.0",1589605201299,55511,50667,3685
"5.5.0-gm.2",1589605201299,3923,2376,100
"5.5.0-gm",1589605201299,608,385,84
"5.5.0",1589608801853,55612,50738,3686
"5.5.0-gm.2",1589608801853,3923,2376,100
"5.5.0-gm",1589608801853,609,385,84
"5.5.0",1589612401383,55717,50824,3688
"5.5.0-gm.2",1589612401383,3923,2376,100
"5.5.0-gm",1589612401383,609,385,84
"5.5.0",1589616001261,55814,50902,3689
"5.5.0-gm.2",1589616001261,3923,2376,100
"5.5.0-gm",1589616001261,609,385,84
"5.5.0",1589619601208,55911,50978,3690
"5.5.0-gm.2",1589619601208,3923,2376,100
"5.5.0-gm",1589619601208,609,385,84
"5.5.0",1589623201384,56010,51058,3695
"5.5.0-gm.2",1589623201384,3923,2376,100
"5.5.0-gm",1589623201384,609,385,84
"5.5.0",1589626801735,56120,51133,3708
"5.5.0-gm.2",1589626801735,3923,2376,100
"5.5.0-gm",1589626801735,609,385,84
"5.5.0",1589630401294,56221,51207,3714
"5.5.0-gm.2",1589630401294,3923,2376,100
"5.5.0-gm",1589630401294,609,385,84
"5.5.0",1589634001998,56328,51283,3718
"5.5.0-gm.2",1589634001998,3923,2376,100
"5.5.0-gm",1589634001998,609,385,84
"5.5.0",1589637601755,56432,51369,3723
"5.5.0-gm.2",1589637601755,3923,2376,100
"5.5.0-gm",1589637601755,609,385,84
"5.5.0",1589641201485,56544,51458,3725
"5.5.0-gm.2",1589641201485,3923,2376,100
"5.5.0-gm",1589641201485,609,385,84
"5.5.0",1589644801941,56649,51547,3730
"5.5.0-gm.2",1589644801941,3923,2376,100
"5.5.0-gm",1589644801941,609,385,84
"5.5.0",1589648401610,56755,51643,3732
"5.5.0-gm.2",1589648401610,3923,2376,100
"5.5.0-gm",1589648401610,609,385,84
"5.5.0",1589652001099,56855,51734,3736
"5.5.0-gm.2",1589652001099,3923,2376,100
"5.5.0-gm",1589652001099,609,385,84
"5.5.0",1589655601568,56956,51829,3740
"5.5.0-gm.2",1589655601568,3923,2376,100
"5.5.0-gm",1589655601568,609,385,84
"5.5.0",1589659201922,57058,51920,3745
"5.5.0-gm.2",1589659201922,3923,2376,101
"5.5.0-gm",1589659201922,609,385,84
"5.5.0",1589662801126,57166,52012,3753
"5.5.0-gm.2",1589662801126,3923,2376,101
"5.5.0-gm",1589662801126,609,385,84
"5.5.0",1589666401845,57269,52093,3759
"5.5.0-gm.2",1589666401845,3923,2376,101
"5.5.0-gm",1589666401845,609,385,84
"5.5.0",1589670001489,57365,52176,3762
"5.5.0-gm.2",1589670001489,3923,2376,101
"5.5.0-gm",1589670001489,609,385,84
"5.5.0",1589673601744,57468,52263,3766
"5.5.0-gm.2",1589673601744,3923,2376,101
"5.5.0-gm",1589673601744,609,385,84
"5.5.0",1589677201193,57566,52350,3769
"5.5.0-gm.2",1589677201193,3923,2376,101
"5.5.0-gm",1589677201193,609,385,84
"5.5.0",1589680802016,57665,52421,3774
"5.5.0-gm.2",1589680802016,3923,2376,101
"5.5.0-gm",1589680802016,609,385,84
"5.5.0",1589684401121,57778,52501,3775
"5.5.0-gm.2",1589684401121,3923,2376,101
"5.5.0-gm",1589684401121,609,385,84
"5.5.0",1589688001104,57882,52575,3778
"5.5.0-gm.2",1589688001104,3923,2376,101
"5.5.0-gm",1589688001104,609,385,84
"5.5.0",1589691601994,57980,52659,3780
"5.5.0-gm.2",1589691601994,3923,2376,101
"5.5.0-gm",1589691601994,609,385,84
"5.5.0",1589695201560,58077,52741,3784
"5.5.0-gm.2",1589695201560,3923,2376,101
"5.5.0-gm",1589695201560,609,385,84
"5.5.0",1589698802010,58181,52821,3789
"5.5.0-gm.2",1589698802010,3923,2376,101
"5.5.0-gm",1589698802010,609,385,84
"5.5.0",1589702401655,58274,52895,3790
"5.5.0-gm.2",1589702401655,3923,2376,101
"5.5.0-gm",1589702401655,609,385,84
"5.5.0",1589706001067,58365,52972,3790
"5.5.0-gm.2",1589706001067,3923,2376,101
"5.5.0-gm",1589706001067,609,385,84
"5.5.0",1589709601351,58464,53050,3791
"5.5.0-gm.2",1589709601351,3923,2376,101
"5.5.0-gm",1589709601351,609,385,84
"5.5.0",1589713201350,58555,53125,3793
"5.5.0-gm.2",1589713201350,3923,2376,101
"5.5.0-gm",1589713201350,609,385,84
"5.5.0",1589716801094,58649,53203,3798
"5.5.0-gm.2",1589716801094,3923,2376,101
"5.5.0-gm",1589716801094,609,385,84
"5.5.0",1589720401175,58746,53281,3800
"5.5.0-gm.2",1589720401175,3923,2376,101
"5.5.0-gm",1589720401175,609,385,84
"5.5.0",1589724001091,58841,53369,3804
"5.5.0-gm.2",1589724001091,3923,2376,101
"5.5.0-gm",1589724001091,609,385,84
"5.5.0",1589727601541,58948,53457,3806
"5.5.0-gm.2",1589727601541,3923,2376,101
"5.5.0-gm",1589727601541,609,385,84
"5.5.0",1589731201591,59051,53540,3807
"5.5.0-gm.2",1589731201591,3923,2376,101
"5.5.0-gm",1589731201591,609,385,84
"5.5.0",1589734801349,59156,53624,3814
"5.5.0-gm.2",1589734801349,3923,2376,101
"5.5.0-gm",1589734801349,609,385,84
"5.5.0",1589738401860,59265,53713,3818
"5.5.0-gm.2",1589738401860,3923,2376,101
"5.5.0-gm",1589738401860,609,385,84
"5.5.0",1589742002049,59371,53801,3820
"5.5.0-gm.2",1589742002049,3923,2376,101
"5.5.0-gm",1589742002049,609,385,84
"5.5.0",1589745601966,59479,53887,3823
"5.5.0-gm.2",1589745601966,3923,2376,101
"5.5.0-gm",1589745601966,609,385,84
"5.5.0",1589749201495,59588,53970,3828
"5.5.0-gm.2",1589749201495,3923,2376,101
"5.5.0-gm",1589749201495,609,385,84
"5.5.0",1589752802011,59698,54051,3830
"5.5.0-gm.2",1589752802011,3923,2376,101
"5.5.0-gm",1589752802011,609,385,84
"5.5.0",1589756402069,59808,54136,3832
"5.5.0-gm.2",1589756402069,3923,2376,101
"5.5.0-gm",1589756402069,609,385,84
"5.5.0",1589760001129,59921,54222,3832
"5.5.0-gm.2",1589760001129,3923,2376,101
"5.5.0-gm",1589760001129,609,385,84
"5.5.0",1589763601735,60037,54316,3834
"5.5.0-gm.2",1589763601735,3923,2376,101
"5.5.0-gm",1589763601735,609,385,84
"5.5.0",1589767201909,60151,54411,3836
"5.5.0-gm.2",1589767201909,3923,2376,101
"5.5.0-gm",1589767201909,609,385,84
"5.5.0",1589770801568,60265,54506,3838
"5.5.0-gm.2",1589770801568,3923,2376,101
"5.5.0-gm",1589770801568,609,385,84
"5.5.0",1589774401999,60370,54595,3843
"5.5.0-gm.2",1589774401999,3923,2376,101
"5.5.0-gm",1589774401999,609,385,84
"5.5.0",1589778001746,60474,54689,3850
"5.5.0-gm.2",1589778001746,3923,2376,101
"5.5.0-gm",1589778001746,609,385,84
"5.5.0",1589781601931,60581,54790,3856
"5.5.0-gm.2",1589781601931,3923,2376,101
"5.5.0-gm",1589781601931,609,385,84
"5.5.0",1589785201343,60685,54884,3861
"5.5.0-gm.2",1589785201343,3923,2376,101
"5.5.0-gm",1589785201343,609,385,84
"5.5.0",1589788801360,60795,54987,3867
"5.5.0-gm.2",1589788801360,3923,2376,101
"5.5.0-gm",1589788801360,609,385,84
"5.5.0",1589792401477,60901,55083,3873
"5.5.0-gm.2",1589792401477,3923,2376,101
"5.5.0-gm",1589792401477,609,385,84
"5.5.0",1589796001598,61000,55180,3882
"5.5.0-gm.2",1589796001598,3923,2376,101
"5.5.0-gm",1589796001598,609,385,84
"5.5.0",1589799601958,61107,55269,3887
"5.5.0-gm.2",1589799601958,3923,2376,101
"5.5.0-gm",1589799601958,609,385,84
"5.5.0",1589803201853,61210,55364,3895
"5.5.0-gm.2",1589803201853,3923,2376,101
"5.5.0-gm",1589803201853,609,385,84
"5.5.0",1589806802064,61319,55471,3898
"5.5.0-gm.2",1589806802064,3923,2376,101
"5.5.0-gm",1589806802064,609,385,84
"5.5.0",1589810401774,61429,55586,3909
"5.5.0-gm.2",1589810401774,3923,2376,101
"5.5.0-gm",1589810401774,609,385,84
"5.5.0",1589814001981,61558,55711,3913
"5.5.0-gm.2",1589814001981,3923,2376,101
"5.5.0-gm",1589814001981,609,385,84
"5.5.0",1589817601663,61687,55832,3919
"5.5.0-gm.2",1589817601663,3923,2376,101
"5.5.0-gm",1589817601663,609,385,84
"5.5.0",1589821201287,61808,55949,3924
"5.5.0-gm.2",1589821201287,3923,2376,101
"5.5.0-gm",1589821201287,609,385,84
"5.5.0",1589824802019,61927,56070,3927
"5.5.0-gm.2",1589824802019,3923,2376,101
"5.5.0-gm",1589824802019,609,385,84
"5.5.0",1589828401155,62035,56190,3933
"5.5.0-gm.2",1589828401155,3923,2376,101
"5.5.0-gm",1589828401155,609,385,84
"5.5.0",1589832001575,62147,56292,3937
"5.5.0-gm.2",1589832001575,3923,2376,101
"5.5.0-gm",1589832001575,609,385,84
"5.5.0",1589835601583,62262,56402,3942
"5.5.0-gm.2",1589835601583,3923,2376,101
"5.5.0-gm",1589835601583,609,385,84
"5.5.0",1589839201888,62379,56512,3947
"5.5.0-gm.2",1589839201888,3923,2376,101
"5.5.0-gm",1589839201888,609,385,84
"5.5.0",1589842801690,62484,56616,3952
"5.5.0-gm.2",1589842801690,3923,2376,101
"5.5.0-gm",1589842801690,609,385,84
"5.5.0",1589846401942,62598,56724,3956
"5.5.0-gm.2",1589846401942,3923,2376,101
"5.5.0-gm",1589846401942,609,385,84
"5.5.0",1589850001194,62709,56832,3962
"5.5.0-gm.2",1589850001194,3923,2376,101
"5.5.0-gm",1589850001194,609,385,84
"5.5.0",1589853601596,62821,56937,3965
"5.5.0-gm.2",1589853601596,3923,2376,101
"5.5.0-gm",1589853601596,609,385,84
"5.5.0",1589857202071,62936,57038,3967
"5.5.0-gm.2",1589857202071,3923,2376,101
"5.5.0-gm",1589857202071,609,385,84
"5.5.0",1589860801078,63046,57133,3970
"5.5.0-gm.2",1589860801078,3923,2376,101
"5.5.0-gm",1589860801078,609,385,84
"5.5.0",1589864401919,63160,57232,3974
"5.5.0-gm.2",1589864401919,3923,2376,101
"5.5.0-gm",1589864401919,609,385,84
"5.5.0",1589868001976,63268,57326,3979
"5.5.0-gm.2",1589868001976,3923,2376,101
"5.5.0-gm",1589868001976,609,385,84
"5.5.0",1589871601589,63374,57426,3987
"5.5.0-gm.2",1589871601589,3923,2376,101
"5.5.0-gm",1589871601589,609,385,84
"5.5.0",1589875201468,63482,57527,3994
"5.5.0-gm.2",1589875201468,3923,2376,101
"5.5.0-gm",1589875201468,609,385,84
"5.5.0",1589878801467,63590,57624,4001
"5.5.0-gm.2",1589878801467,3923,2376,101
"5.5.0-gm",1589878801467,609,385,84
"5.5.0",1589882401301,63697,57716,4006
"5.5.0-gm.2",1589882401301,3923,2376,101
"5.5.0-gm",1589882401301,609,385,84
"5.5.0",1589886001897,63798,57814,4016
"5.5.0-gm.2",1589886001897,3923,2376,101
"5.5.0-gm",1589886001897,609,385,84
"5.5.0",1589889601183,63903,57911,4022
"5.5.0-gm.2",1589889601183,3923,2376,101
"5.5.0-gm",1589889601183,609,385,84
"5.5.0",1589893201803,64012,58019,4030
"5.5.0-gm.2",1589893201803,3923,2376,101
"5.5.0-gm",1589893201803,609,385,84
"5.5.0",1589896801540,64130,58129,4042
"5.5.0-gm.2",1589896801540,3923,2376,101
"5.5.0-gm",1589896801540,609,385,84
"5.5.0",1589900401234,64258,58248,4049
"5.5.0-gm.2",1589900401234,3923,2376,101
"5.5.0-gm",1589900401234,609,385,84
"5.5.0",1589904001890,64381,58362,4061
"5.5.0-gm.2",1589904001890,3923,2376,101
"5.5.0-gm",1589904001890,609,385,84
"5.5.0",1589907601837,64512,58480,4071
"5.5.0-gm.2",1589907601837,3923,2376,101
"5.5.0-gm",1589907601837,609,385,84
"5.5.0",1589911201502,64635,58597,4079
"5.5.0-gm.2",1589911201502,3923,2376,101
"5.5.0-gm",1589911201502,609,385,84
"5.5.0",1589914802054,64752,58701,4087
"5.5.0-gm.2",1589914802054,3923,2376,101
"5.5.0-gm",1589914802054,609,385,84
"5.5.0",1589918401279,64864,58811,4092
"5.5.0-gm.2",1589918401279,3923,2376,101
"5.5.0-gm",1589918401279,609,385,84
"5.5.0",1589922001687,64986,58918,4099
"5.5.0-gm.2",1589922001687,3923,2376,101
"5.5.0-gm",1589922001687,609,385,84
"5.5.0",1589925601829,65101,59029,4109
"5.5.0-gm.2",1589925601829,3923,2376,101
"5.5.0-gm",1589925601829,609,385,84
"5.5.0",1589929201373,65205,59134,4115
"5.5.0-gm.2",1589929201373,3923,2376,101
"5.5.0-gm",1589929201373,609,385,84
"5.5.0",1589932801443,65306,59237,4124
"5.5.0-gm.2",1589932801443,3923,2376,101
"5.5.0-gm",1589932801443,609,385,84
"5.5.0",1589936401653,65409,59342,4131
"5.5.0-gm.2",1589936401653,3923,2376,101
"5.5.0-gm",1589936401653,609,385,84
"5.5.0",1589940001358,65514,59447,4140
"5.5.0-gm.2",1589940001358,3923,2376,101
"5.5.0-gm",1589940001358,609,385,84
"5.5.0",1589943601920,65620,59546,4147
"5.5.0-gm.2",1589943601920,3923,2376,101
"5.5.0-gm",1589943601920,609,385,84
"5.5.0",1589947201313,65728,59651,4157
"5.5.0-gm.2",1589947201313,3923,2376,101
"5.5.0-gm",1589947201313,609,385,84
"5.5.0",1589950801531,65831,59750,4165
"5.5.0-gm.2",1589950801531,3923,2376,101
"5.5.0-gm",1589950801531,609,385,84
"5.5.0",1589954401466,65940,59859,4168
"5.5.0-gm.2",1589954401466,3923,2376,101
"5.5.0-gm",1589954401466,609,385,84
"5.5.0",1589958001325,66056,59970,4173
"5.5.0-gm.2",1589958001325,3923,2376,101
"5.5.0-gm",1589958001325,609,385,84
"5.5.0",1589961601489,66173,60083,4180
"5.5.0-gm.2",1589961601489,3923,2376,101
"5.5.0-gm",1589961601489,609,385,84
"5.5.0",1589965201835,66296,60196,4188
"5.5.0-gm.2",1589965201835,3923,2376,101
"5.5.0-gm",1589965201835,609,385,84
"5.5.0",1589968801099,66414,60314,4194
"5.5.0-gm.2",1589968801099,3923,2376,101
"5.5.0-gm",1589968801099,609,385,84
"5.5.0",1589972401786,66522,60408,4202
"5.5.0-gm.2",1589972401786,3923,2376,101
"5.5.0-gm",1589972401786,609,385,84
"5.5.0",1589976001702,66633,60497,4210
"5.5.0-gm.2",1589976001702,3923,2376,101
"5.5.0-gm",1589976001702,609,385,84
"5.5.0",1589979601234,66742,60600,4219
"5.5.0-gm.2",1589979601234,3923,2376,101
"5.5.0-gm",1589979601234,609,385,84
"5.5.0",1589983201413,66856,60710,4230
"5.5.0-gm.2",1589983201413,3923,2376,101
"5.5.0-gm",1589983201413,609,385,84
"5.5.0",1589986802032,66973,60825,4238
"5.5.0-gm.2",1589986802032,3923,2376,101
"5.5.0-gm",1589986802032,609,385,84
"5.5.0",1589990401447,67094,60942,4245
"5.5.0-gm.2",1589990401447,3923,2376,101
"5.5.0-gm",1589990401447,609,385,84
"5.5.0",1589994001172,67216,61064,4253
"5.5.0-gm.2",1589994001172,3923,2376,101
"5.5.0-gm",1589994001172,609,385,84
"5.5.0",1589997601403,67336,61188,4262
"5.5.0-gm.2",1589997601403,3923,2376,101
"5.5.0-gm",1589997601403,609,385,84
"5.5.0",1590001201150,67446,61304,4271
"5.5.0-gm.2",1590001201150,3923,2376,101
"5.5.0-gm",1590001201150,609,385,84
"5.5.0",1590004801945,67556,61424,4284
"5.5.0-gm.2",1590004801945,3923,2376,101
"5.5.0-gm",1590004801945,609,385,84
"5.5.0",1590008402088,67666,61535,4288
"5.5.0-gm.2",1590008402088,3923,2376,101
"5.5.0-gm",1590008402088,609,385,84
"5.5.0",1590012001736,67784,61652,4294
"5.5.0-gm.2",1590012001736,3923,2376,101
"5.5.0-gm",1590012001736,609,385,84
"5.5.0",1590015601083,67892,61761,4302
"5.5.0-gm.2",1590015601083,3923,2376,101
"5.5.0-gm",1590015601083,609,385,84
"5.5.0",1590019201967,68002,61865,4308
"5.5.0-gm.2",1590019201967,3923,2376,101
"5.5.0-gm",1590019201967,609,385,84
"5.5.0",1590022801724,68114,61965,4315
"5.5.0-gm.2",1590022801724,3923,2376,101
"5.5.0-gm",1590022801724,609,385,84
"5.5.0",1590026402044,68226,62066,4323
"5.5.0-gm.2",1590026402044,3923,2376,101
"5.5.0-gm",1590026402044,609,385,84
"5.5.0",1590030001277,68333,62164,4328
"5.5.0-gm.2",1590030001277,3923,2376,101
"5.5.0-gm",1590030001277,609,385,84
"5.5.0",1590033602030,68443,62264,4337
"5.5.0-gm.2",1590033602030,3923,2376,101
"5.5.0-gm",1590033602030,609,385,84
"5.5.0",1590037201570,68555,62355,4344
"5.5.0-gm.2",1590037201570,3923,2376,101
"5.5.0-gm",1590037201570,609,385,84
"5.5.0",1590040801473,68659,62448,4350
"5.5.0-gm.2",1590040801473,3923,2376,101
"5.5.0-gm",1590040801473,609,385,84
"5.5.0",1590044401459,68759,62539,4355
"5.5.0-gm.2",1590044401459,3923,2376,101
"5.5.0-gm",1590044401459,609,385,84
"5.5.0",1590048001422,68864,62632,4359
"5.5.0-gm.2",1590048001422,3923,2376,101
"5.5.0-gm",1590048001422,609,385,84
"5.5.0",1590051601133,68975,62722,4366
"5.5.0-gm.2",1590051601133,3923,2376,101
"5.5.0-gm",1590051601133,609,385,84
"5.5.0",1590055201459,69079,62810,4376
"5.5.0-gm.2",1590055201459,3923,2376,101
"5.5.0-gm",1590055201459,609,385,84
"5.5.0",1590058801697,69183,62899,4382
"5.5.0-gm.2",1590058801697,3923,2376,101
"5.5.0-gm",1590058801697,609,385,84
"5.5.0",1590062401445,69296,62987,4389
"5.5.0-gm.2",1590062401445,3923,2376,101
"5.5.0-gm",1590062401445,609,385,84
"5.5.0",1590066001643,69412,63091,4394
"5.5.0-gm.2",1590066001643,3923,2376,101
"5.5.0-gm",1590066001643,609,385,84
"5.5.0",1590069601733,69530,63198,4401
"5.5.0-gm.2",1590069601733,3923,2376,101
"5.5.0-gm",1590069601733,609,385,84
"5.5.0",1590073201742,69650,63314,4405
"5.5.0-gm.2",1590073201742,3923,2376,101
"5.5.0-gm",1590073201742,609,385,84
"5.5.0",1590076801417,69771,63427,4412
"5.5.0-gm.2",1590076801417,3923,2376,101
"5.5.0-gm",1590076801417,609,385,84
"5.5.0",1590080401777,69903,63544,4419
"5.5.0-gm.2",1590080401777,3923,2376,101
"5.5.0-gm",1590080401777,609,385,84
"5.5.0",1590084001242,70025,63658,4422
"5.5.0-gm.2",1590084001242,3923,2376,101
"5.5.0-gm",1590084001242,609,385,84
"5.5.0",1590087601227,70145,63769,4429
"5.5.0-gm.2",1590087601227,3923,2376,101
"5.5.0-gm",1590087601227,609,385,84
"5.5.0",1590091201604,70259,63876,4437
"5.5.0-gm.2",1590091201604,3923,2376,101
"5.5.0-gm",1590091201604,609,385,84
"5.5.0",1590094801270,70373,63977,4442
"5.5.0-gm.2",1590094801270,3923,2376,101
"5.5.0-gm",1590094801270,609,385,84
"5.5.0",1590098402030,70482,64070,4444
"5.5.0-gm.2",1590098402030,3923,2376,101
"5.5.0-gm",1590098402030,609,385,84
"5.5.0",1590102001628,70592,64165,4449
"5.5.0-gm.2",1590102001628,3923,2376,101
"5.5.0-gm",1590102001628,609,385,84
"5.5.0",1590105601631,70699,64263,4452
"5.5.0-gm.2",1590105601631,3923,2376,101
"5.5.0-gm",1590105601631,609,385,84
"5.5.0",1590109201599,70814,64353,4454
"5.5.0-gm.2",1590109201599,3923,2376,101
"5.5.0-gm",1590109201599,609,385,84
"5.5.0",1590112801499,70927,64448,4457
"5.5.0-gm.2",1590112801499,3923,2376,101
"5.5.0-gm",1590112801499,609,385,84
"5.5.0",1590116401169,71035,64553,4464
"5.5.0-gm.2",1590116401169,3923,2376,101
"5.5.0-gm",1590116401169,609,385,84
"5.5.0",1590120001342,71141,64651,4470
"5.5.0-gm.2",1590120001342,3923,2376,101
"5.5.0-gm",1590120001342,609,385,84
"5.5.0",1590123601531,71250,64746,4475
"5.5.0-gm.2",1590123601531,3923,2376,101
"5.5.0-gm",1590123601531,609,385,84
"5.5.0",1590127201171,71351,64834,4479
"5.5.0-gm.2",1590127201171,3923,2376,101
"5.5.0-gm",1590127201171,609,385,84
"5.5.0",1590130801603,71461,64926,4485
"5.5.0-gm.2",1590130801603,3923,2376,101
"5.5.0-gm",1590130801603,609,385,84
"5.5.0",1590134401963,71568,65017,4490
"5.5.0-gm.2",1590134401963,3923,2376,101
"5.5.0-gm",1590134401963,609,385,84
"5.5.0",1590138001678,71676,65105,4496
"5.5.0-gm.2",1590138001678,3923,2376,101
"5.5.0-gm",1590138001678,609,385,84
"5.5.0",1590141601695,71777,65191,4506
"5.5.0-gm.2",1590141601695,3923,2376,101
"5.5.0-gm",1590141601695,609,385,84
"5.5.0",1590145201535,71879,65278,4514
"5.5.0-gm.2",1590145201535,3923,2376,101
"5.5.0-gm",1590145201535,609,385,84
"5.5.0",1590148801879,71985,65367,4525
"5.5.0-gm.2",1590148801879,3923,2376,101
"5.5.0-gm",1590148801879,609,385,84
"5.5.0",1590152401405,72104,65463,4529
"5.5.0-gm.2",1590152401405,3923,2376,101
"5.5.0-gm",1590152401405,609,385,84
"5.5.0",1590156001157,72216,65579,4540
"5.5.0-gm.2",1590156001157,3923,2376,101
"5.5.0-gm",1590156001157,609,385,84
"5.5.0",1590159601135,72337,65691,4547
"5.5.0-gm.2",1590159601135,3923,2376,101
"5.5.0-gm",1590159601135,609,385,84
"5.5.0",1590163202032,72448,65800,4552
"5.5.0-gm.2",1590163202032,3923,2376,101
"5.5.0-gm",1590163202032,609,385,84
"5.5.0",1590166801530,72564,65919,4564
"5.5.0-gm.2",1590166801530,3923,2376,101
"5.5.0-gm",1590166801530,609,385,84
"5.5.0",1590170401388,72676,66027,4569
"5.5.0-gm.2",1590170401388,3923,2376,101
"5.5.0-gm",1590170401388,609,385,84
"5.5.0",1590174001394,72784,66133,4575
"5.5.0-gm.2",1590174001394,3923,2376,101
"5.5.0-gm",1590174001394,609,385,84
"5.5.0",1590177601630,72885,66237,4580
"5.5.0-gm.2",1590177601630,3923,2376,101
"5.5.0-gm",1590177601630,609,385,84
"5.5.0",1590181201739,72993,66332,4586
"5.5.0-gm.2",1590181201739,3923,2376,101
"5.5.0-gm",1590181201739,609,385,84
"5.5.0",1590184801749,73090,66433,4594
"5.5.0-gm.2",1590184801749,3923,2376,101
"5.5.0-gm",1590184801749,609,385,84
"5.5.0",1590188401155,73182,66509,4599
"5.5.0-gm.2",1590188401155,3923,2376,101
"5.5.0-gm",1590188401155,609,385,84
"5.5.0",1590192001281,73275,66595,4602
"5.5.0-gm.2",1590192001281,3923,2376,101
"5.5.0-gm",1590192001281,609,385,84
"5.5.0",1590195601965,73377,66685,4606
"5.5.0-gm.2",1590195601965,3923,2376,101
"5.5.0-gm",1590195601965,609,385,84
"5.5.0",1590199201533,73469,66770,4610
"5.5.0-gm.2",1590199201533,3923,2376,101
"5.5.0-gm",1590199201533,609,385,84
"5.5.0",1590202801836,73566,66856,4620
"5.5.0-gm.2",1590202801836,3923,2376,101
"5.5.0-gm",1590202801836,609,385,84
"5.5.0",1590206401796,73663,66942,4626
"5.5.0-gm.2",1590206401796,3923,2376,101
"5.5.0-gm",1590206401796,609,385,84
"5.5.0",1590210002073,73756,67029,4629
"5.5.0-gm.2",1590210002073,3923,2376,101
"5.5.0-gm",1590210002073,609,385,84
"5.5.0",1590213601850,73851,67111,4634
"5.5.0-gm.2",1590213601850,3923,2376,101
"5.5.0-gm",1590213601850,609,385,84
"5.5.0",1590217201656,73945,67187,4644
"5.5.0-gm.2",1590217201656,3923,2376,101
"5.5.0-gm",1590217201656,609,385,84
"5.5.0",1590220801410,74047,67261,4647
"5.5.0-gm.2",1590220801410,3923,2376,101
"5.5.0-gm",1590220801410,609,385,84
"5.5.0",1590224401446,74147,67339,4651
"5.5.0-gm.2",1590224401446,3923,2376,101
"5.5.0-gm",1590224401446,609,385,84
"5.5.0",1590228001591,74237,67419,4659
"5.5.0-gm.2",1590228001591,3923,2376,101
"5.5.0-gm",1590228001591,609,385,84
"5.5.0",1590231601994,74324,67495,4666
"5.5.0-gm.2",1590231601994,3923,2376,101
"5.5.0-gm",1590231601994,609,385,84
"5.5.0",1590235201830,74417,67572,4668
"5.5.0-gm.2",1590235201830,3923,2376,101
"5.5.0-gm",1590235201830,609,385,84
"5.5.0",1590238801996,74508,67652,4671
"5.5.0-gm.2",1590238801996,3923,2376,101
"5.5.0-gm",1590238801996,609,385,84
"5.5.0",1590242401806,74599,67737,4674
"5.5.0-gm.2",1590242401806,3923,2376,101
"5.5.0-gm",1590242401806,609,385,84
"5.5.0",1590246001767,74690,67823,4679
"5.5.0-gm.2",1590246001767,3923,2376,101
"5.5.0-gm",1590246001767,609,385,84
"5.5.0",1590249601735,74783,67910,4686
"5.5.0-gm.2",1590249601735,3923,2376,101
"5.5.0-gm",1590249601735,609,385,84
"5.5.0",1590253201876,74883,67996,4692
"5.5.0-gm.2",1590253201876,3923,2376,101
"5.5.0-gm",1590253201876,609,385,84
"5.5.0",1590256801811,74978,68082,4697
"5.5.0-gm.2",1590256801811,3923,2376,101
"5.5.0-gm",1590256801811,609,385,84
"5.5.0",1590260402025,75074,68160,4700
"5.5.0-gm.2",1590260402025,3923,2376,101
"5.5.0-gm",1590260402025,609,385,84
"5.5.0",1590264001703,75168,68244,4702
"5.5.0-gm.2",1590264001703,3923,2376,101
"5.5.0-gm",1590264001703,609,385,84
"5.5.0",1590267601868,75268,68329,4705
"5.5.0-gm.2",1590267601868,3923,2376,101
"5.5.0-gm",1590267601868,609,385,84
"5.5.0",1590271201827,75370,68409,4707
"5.5.0-gm.2",1590271201827,3923,2376,101
"5.5.0-gm",1590271201827,609,385,84
"5.5.0",1590274801119,75465,68495,4712
"5.5.0-gm.2",1590274801119,3923,2376,101
"5.5.0-gm",1590274801119,609,385,84
"5.5.0",1590278401349,75561,68573,4714
"5.5.0-gm.2",1590278401349,3923,2376,101
"5.5.0-gm",1590278401349,609,385,84
"5.5.0",1590282001686,75656,68648,4716
"5.5.0-gm.2",1590282001686,3923,2376,101
"5.5.0-gm",1590282001686,609,385,84
"5.5.0",1590285601517,75753,68717,4717
"5.5.0-gm.2",1590285601517,3923,2376,101
"5.5.0-gm",1590285601517,609,385,84
"5.5.0",1590289201474,75846,68786,4722
"5.5.0-gm.2",1590289201474,3923,2376,101
"5.5.0-gm",1590289201474,609,385,84
"5.5.0",1590292801277,75942,68855,4725
"5.5.0-gm.2",1590292801277,3923,2376,101
"5.5.0-gm",1590292801277,609,385,84
"5.5.0",1590296401231,76034,68928,4728
"5.5.0-gm.2",1590296401231,3923,2376,101
"5.5.0-gm",1590296401231,609,385,84
"5.5.0",1590300002031,76133,69008,4729
"5.5.0-gm.2",1590300002031,3923,2376,101
"5.5.0-gm",1590300002031,609,385,84
"5.5.0",1590303601688,76218,69084,4734
"5.5.0-gm.2",1590303601688,3923,2376,101
"5.5.0-gm",1590303601688,609,385,84
"5.5.0",1590307201772,76311,69157,4737
"5.5.0-gm.2",1590307201772,3923,2376,101
"5.5.0-gm",1590307201772,609,385,84
"5.5.0",1590310802019,76408,69237,4739
"5.5.0-gm.2",1590310802019,3923,2376,101
"5.5.0-gm",1590310802019,609,385,84
"5.5.0",1590314402078,76500,69311,4745
"5.5.0-gm.2",1590314402078,3923,2376,101
"5.5.0-gm",1590314402078,609,385,84
"5.5.0",1590318001278,76588,69380,4749
"5.5.0-gm.2",1590318001278,3923,2376,101
"5.5.0-gm",1590318001278,609,385,84
"5.5.0",1590321601128,76680,69460,4753
"5.5.0-gm.2",1590321601128,3923,2376,101
"5.5.0-gm",1590321601128,609,385,84
"5.5.0",1590325201240,76775,69541,4759
"5.5.0-gm.2",1590325201240,3923,2376,101
"5.5.0-gm",1590325201240,609,385,84
"5.5.0",1590328801654,76876,69621,4763
"5.5.0-gm.2",1590328801654,3923,2376,101
"5.5.0-gm",1590328801654,609,385,84
"5.5.0",1590332401871,76970,69701,4773
"5.5.0-gm.2",1590332401871,3923,2376,101
"5.5.0-gm",1590332401871,609,385,84
"5.5.0",1590336001851,77060,69785,4775
"5.5.0-gm.2",1590336001851,3923,2376,101
"5.5.0-gm",1590336001851,609,385,84
"5.5.0",1590339601625,77158,69868,4778
"5.5.0-gm.2",1590339601625,3923,2376,101
"5.5.0-gm",1590339601625,609,385,84
"5.5.0",1590343201802,77252,69955,4784
"5.5.0-gm.2",1590343201802,3923,2376,101
"5.5.0-gm",1590343201802,609,385,84
"5.5.0",1590346801348,77341,70034,4789
"5.5.0-gm.2",1590346801348,3923,2376,101
"5.5.0-gm",1590346801348,609,385,84
"5.5.0",1590350401770,77434,70116,4795
"5.5.0-gm.2",1590350401770,3923,2376,101
"5.5.0-gm",1590350401770,609,385,84
"5.5.0",1590354001807,77534,70196,4800
"5.5.0-gm.2",1590354001807,3923,2376,101
"5.5.0-gm",1590354001807,609,385,84
"5.5.0",1590357601791,77636,70280,4802
"5.5.0-gm.2",1590357601791,3923,2376,101
"5.5.0-gm",1590357601791,609,385,84
"5.5.0",1590361201768,77736,70357,4804
"5.5.0-gm.2",1590361201768,3923,2376,101
"5.5.0-gm",1590361201768,609,385,84
"5.5.0",1590364801750,77839,70447,4810
"5.5.0-gm.2",1590364801750,3923,2376,101
"5.5.0-gm",1590364801750,609,385,84
"5.5.0",1590368401885,77939,70539,4815
"5.5.0-gm.2",1590368401885,3923,2376,101
"5.5.0-gm",1590368401885,609,385,84
"5.5.0",1590372002015,78046,70626,4819
"5.5.0-gm.2",1590372002015,3923,2376,101
"5.5.0-gm",1590372002015,609,385,84
"5.5.0",1590375601260,78147,70715,4824
"5.5.0-gm.2",1590375601260,3923,2376,101
"5.5.0-gm",1590375601260,609,385,84
"5.5.0",1590379201646,78257,70798,4828
"5.5.0-gm.2",1590379201646,3923,2376,101
"5.5.0-gm",1590379201646,609,385,84
"5.5.0",1590382801170,78365,70882,4833
"5.5.0-gm.2",1590382801170,3923,2376,101
"5.5.0-gm",1590382801170,609,385,84
"5.5.0",1590386401242,78472,70968,4835
"5.5.0-gm.2",1590386401242,3923,2376,101
"5.5.0-gm",1590386401242,609,385,84
"5.5.0",1590390001981,78568,71062,4842
"5.5.0-gm.2",1590390001981,3923,2376,101
"5.5.0-gm",1590390001981,609,385,84
"5.5.0",1590393601090,78665,71161,4847
"5.5.0-gm.2",1590393601090,3923,2376,101
"5.5.0-gm",1590393601090,609,385,84
"5.5.0",1590397201828,78760,71246,4851
"5.5.0-gm.2",1590397201828,3923,2376,101
"5.5.0-gm",1590397201828,609,385,84
"5.5.0",1590400801182,78853,71333,4854
"5.5.0-gm.2",1590400801182,3923,2376,101
"5.5.0-gm",1590400801182,609,385,84
"5.5.0",1590404401735,78940,71422,4856
"5.5.0-gm.2",1590404401735,3923,2376,101
"5.5.0-gm",1590404401735,609,385,84
"5.5.0",1590408001081,79038,71511,4862
"5.5.0-gm.2",1590408001081,3923,2376,101
"5.5.0-gm",1590408001081,609,385,84
"5.5.0",1590411601701,79137,71606,4874
"5.5.0-gm.2",1590411601701,3923,2376,101
"5.5.0-gm",1590411601701,609,385,84
"5.5.0",1590415201084,79238,71711,4881
"5.5.0-gm.2",1590415201084,3923,2376,101
"5.5.0-gm",1590415201084,609,385,84
"5.5.0",1590418801832,79339,71811,4887
"5.5.0-gm.2",1590418801832,3923,2376,101
"5.5.0-gm",1590418801832,609,385,84
"5.5.0",1590422401172,79443,71914,4891
"5.5.0-gm.2",1590422401172,3923,2376,101
"5.5.0-gm",1590422401172,609,385,84
"5.5.0",1590426002080,79556,72017,4900
"5.5.0-gm.2",1590426002080,3923,2376,101
"5.5.0-gm",1590426002080,609,385,84
"5.5.0",1590429601473,79661,72117,4911
"5.5.0-gm.2",1590429601473,3923,2376,101
"5.5.0-gm",1590429601473,609,385,84
"5.5.0",1590433201551,79764,72225,4916
"5.5.0-gm.2",1590433201551,3923,2376,101
"5.5.0-gm",1590433201551,609,385,84
"5.5.0",1590436801740,79869,72319,4919
"5.5.0-gm.2",1590436801740,3923,2376,101
"5.5.0-gm",1590436801740,609,385,84
"5.5.0",1590440401261,79976,72410,4929
"5.5.0-gm.2",1590440401261,3923,2376,101
"5.5.0-gm",1590440401261,609,385,84
"5.5.0",1590444001311,80086,72503,4931
"5.5.0-gm.2",1590444001311,3923,2376,101
"5.5.0-gm",1590444001311,609,385,84
"5.5.0",1590447601846,80187,72600,4933
"5.5.0-gm.2",1590447601846,3923,2376,101
"5.5.0-gm",1590447601846,609,385,84
"5.5.0",1590451201762,80290,72688,4938
"5.5.0-gm.2",1590451201762,3923,2376,101
"5.5.0-gm",1590451201762,609,385,84
"5.5.0",1590454801616,80390,72782,4946
"5.5.0-gm.2",1590454801616,3923,2376,101
"5.5.0-gm",1590454801616,609,385,84
"5.5.0",1590458401380,80487,72875,4954
"5.5.0-gm.2",1590458401380,3923,2376,101
"5.5.0-gm",1590458401380,609,385,84
"5.5.0",1590462001343,80589,72969,4960
"5.5.0-gm.2",1590462001343,3923,2376,101
"5.5.0-gm",1590462001343,609,385,84
"5.5.0",1590465601477,80687,73063,4964
"5.5.0-gm.2",1590465601477,3923,2376,101
"5.5.0-gm",1590465601477,609,385,84
"5.5.0",1590469201407,80791,73163,4968
"5.5.0-gm.2",1590469201407,3923,2376,101
"5.5.0-gm",1590469201407,609,385,84
"5.5.0",1590472802089,80890,73258,4971
"5.5.0-gm.2",1590472802089,3923,2376,101
"5.5.0-gm",1590472802089,609,385,84
"5.5.0",1590476401527,80992,73348,4977
"5.5.0-gm.2",1590476401527,3923,2376,101
"5.5.0-gm",1590476401527,609,385,84
"5.5.0",1590480001292,81097,73449,4984
"5.5.0-gm.2",1590480001292,3923,2376,101
"5.5.0-gm",1590480001292,609,385,84
"5.5.0",1590483601455,81205,73546,4994
"5.5.0-gm.2",1590483601455,3923,2376,101
"5.5.0-gm",1590483601455,609,385,84
"5.5.0",1590487201492,81311,73644,5002
"5.5.0-gm.2",1590487201492,3923,2376,101
"5.5.0-gm",1590487201492,609,385,84
"5.5.0",1590490801820,81412,73733,5008
"5.5.0-gm.2",1590490801820,3923,2376,101
"5.5.0-gm",1590490801820,609,385,84
"5.5.0",1590494401218,81522,73833,5018
"5.5.0-gm.2",1590494401218,3923,2376,101
"5.5.0-gm",1590494401218,609,385,84
"5.5.0",1590498001181,81631,73942,5023
"5.5.0-gm.2",1590498001181,3923,2376,101
"5.5.0-gm",1590498001181,609,385,84
"5.5.0",1590501601698,81743,74057,5027
"5.5.0-gm.2",1590501601698,3923,2376,101
"5.5.0-gm",1590501601698,609,385,84
"5.5.0",1590505201204,81865,74173,5038
"5.5.0-gm.2",1590505201204,3923,2376,101
"5.5.0-gm",1590505201204,609,385,84
"5.5.0",1590508801493,81981,74291,5047
"5.5.0-gm.2",1590508801493,3923,2376,101
"5.5.0-gm",1590508801493,609,385,84
"5.5.0",1590512401612,82093,74406,5058
"5.5.0-gm.2",1590512401612,3923,2376,101
"5.5.0-gm",1590512401612,609,385,84
"5.5.0",1590516001798,82201,74522,5064
"5.5.0-gm.2",1590516001798,3923,2376,101
"5.5.0-gm",1590516001798,609,385,84
"5.5.0",1590519601180,82308,74641,5070
"5.5.0-gm.2",1590519601180,3923,2376,101
"5.5.0-gm",1590519601180,609,385,84
"5.5.0",1590523201967,82415,74751,5074
"5.5.0-gm.2",1590523201967,3923,2376,101
"5.5.0-gm",1590523201967,609,385,84
"5.5.0",1590526801319,82522,74860,5080
"5.5.0-gm.2",1590526801319,3923,2376,101
"5.5.0-gm",1590526801319,609,385,84
"5.5.0",1590530401429,82633,74967,5085
"5.5.0-gm.2",1590530401429,3923,2376,101
"5.5.0-gm",1590530401429,609,385,84
"5.5.0",1590534001326,82739,75068,5091
"5.5.0-gm.2",1590534001326,3923,2376,101
"5.5.0-gm",1590534001326,609,385,84
"5.5.0",1590537601542,82849,75171,5093
"5.5.0-gm.2",1590537601542,3923,2376,101
"5.5.0-gm",1590537601542,609,385,84
"5.5.0",1590541201602,82950,75273,5097
"5.5.0-gm.2",1590541201602,3923,2376,101
"5.5.0-gm",1590541201602,609,385,84
"5.5.0",1590544801941,83058,75364,5102
"5.5.0-gm.2",1590544801941,3923,2376,101
"5.5.0-gm",1590544801941,609,385,84
"5.5.0",1590548401680,83160,75461,5107
"5.5.0-gm.2",1590548401680,3923,2376,101
"5.5.0-gm",1590548401680,609,385,84
"5.5.0",1590552001996,83264,75560,5111
"5.5.0-gm.2",1590552001996,3923,2376,101
"5.5.0-gm",1590552001996,609,385,84
"5.5.0",1590555602007,83371,75658,5115
"5.5.0-gm.2",1590555602007,3923,2376,101
"5.5.0-gm",1590555602007,609,385,84
"5.5.0",1590559201282,83479,75754,5125
"5.5.0-gm.2",1590559201282,3923,2376,101
"5.5.0-gm",1590559201282,609,385,84
"5.5.0",1590562801095,83587,75855,5132
"5.5.0-gm.2",1590562801095,3923,2376,101
"5.5.0-gm",1590562801095,609,385,84
"5.5.0",1590566401939,83689,75960,5141
"5.5.0-gm.2",1590566401939,3923,2376,101
"5.5.0-gm",1590566401939,609,385,84
"5.5.0",1590570001625,83799,76063,5148
"5.5.0-gm.2",1590570001625,3923,2376,101
"5.5.0-gm",1590570001625,609,385,84
"5.5.0",1590573601465,83901,76158,5155
"5.5.0-gm.2",1590573601465,3923,2376,101
"5.5.0-gm",1590573601465,609,385,84
"5.5.0",1590577201978,84003,76249,5161
"5.5.0-gm.2",1590577201978,3923,2376,103
"5.5.0-gm",1590577201978,609,385,84
"5.5.0",1590580801537,84107,76341,5168
"5.5.0-gm.2",1590580801537,3923,2376,103
"5.5.0-gm",1590580801537,610,385,84
"5.5.0",1590584401707,84214,76444,5176
"5.5.0-gm.2",1590584401707,3923,2376,103
"5.5.0-gm",1590584401707,610,385,84
"5.5.0",1590588001208,84325,76558,5184
"5.5.0-gm.2",1590588001208,3923,2376,103
"5.5.0-gm",1590588001208,610,385,84
"5.5.0",1590591601840,84446,76675,5193
"5.5.0-gm.2",1590591601840,3923,2376,103
"5.5.0-gm",1590591601840,610,385,84
"5.5.0",1590595201117,84570,76798,5203
"5.5.0-gm.2",1590595201117,3923,2376,103
"5.5.0-gm",1590595201117,610,385,84
"5.5.0",1590598801408,84683,76913,5210
"5.5.0-gm.2",1590598801408,3923,2376,103
"5.5.0-gm",1590598801408,610,385,84
"5.5.0",1590602401305,84797,77014,5216
"5.5.0-gm.2",1590602401305,3923,2376,103
"5.5.0-gm",1590602401305,610,385,84
"5.5.0",1590606001342,84900,77122,5222
"5.5.0-gm.2",1590606001342,3923,2376,103
"5.5.0-gm",1590606001342,610,385,84
"5.5.0",1590609601446,85000,77228,5229
"5.5.0-gm.2",1590609601446,3923,2376,103
"5.5.0-gm",1590609601446,610,385,84
"5.5.0",1590613201179,85117,77340,5232
"5.5.0-gm.2",1590613201179,3923,2376,103
"5.5.0-gm",1590613201179,610,385,84
"5.5.0",1590616802086,85221,77448,5239
"5.5.0-gm.2",1590616802086,3923,2376,103
"5.5.0-gm",1590616802086,610,385,84
"5.5.0",1590620401248,85336,77555,5245
"5.5.0-gm.2",1590620401248,3923,2376,103
"5.5.0-gm",1590620401248,610,385,84
"5.5.0",1590624001654,85443,77646,5248
"5.5.0-gm.2",1590624001654,3923,2376,103
"5.5.0-gm",1590624001654,610,385,84
"5.5.0",1590627601946,85548,77738,5252
"5.5.0-gm.2",1590627601946,3923,2376,103
"5.5.0-gm",1590627601946,610,385,84
"5.5.0",1590631201642,85655,77835,5257
"5.5.0-gm.2",1590631201642,3923,2376,103
"5.5.0-gm",1590631201642,610,385,84
"5.5.0",1590634801155,85766,77927,5262
"5.5.0-gm.2",1590634801155,3923,2376,103
"5.5.0-gm",1590634801155,610,385,84
"5.5.0",1590638401897,85872,78015,5264
"5.5.0-gm.2",1590638401897,3923,2376,103
"5.5.0-gm",1590638401897,610,385,84
"5.5.0",1590642002029,85981,78105,5270
"5.5.0-gm.2",1590642002029,3923,2376,103
"5.5.0-gm",1590642002029,610,385,84
"5.5.0",1590645601618,86088,78197,5275
"5.5.0-gm.2",1590645601618,3923,2376,103
"5.5.0-gm",1590645601618,610,385,84
"5.5.0",1590649201646,86191,78294,5281
"5.5.0-gm.2",1590649201646,3923,2376,103
"5.5.0-gm",1590649201646,610,385,84
"5.5.0",1590652801690,86298,78383,5290
"5.5.0-gm.2",1590652801690,3923,2376,103
"5.5.0-gm",1590652801690,610,385,84
"5.5.0",1590656401961,86402,78482,5298
"5.5.0-gm.2",1590656401961,3923,2376,103
"5.5.0-gm",1590656401961,610,385,84
"5.5.0",1590660001484,86510,78571,5306
"5.5.0-gm.2",1590660001484,3923,2376,103
"5.5.0-gm",1590660001484,610,385,84
"5.5.0",1590663601446,86615,78655,5312
"5.5.0-gm.2",1590663601446,3923,2376,103
"5.5.0-gm",1590663601446,610,385,84
"5.5.0",1590667201131,86714,78753,5319
"5.5.0-gm.2",1590667201131,3923,2376,103
"5.5.0-gm",1590667201131,610,385,84
"5.5.0",1590670801905,86823,78852,5328
"5.5.0-gm.2",1590670801905,3923,2376,103
"5.5.0-gm",1590670801905,610,385,84
"5.5.0",1590674402045,86940,78963,5332
"5.5.0-gm.2",1590674402045,3923,2376,103
"5.5.0-gm",1590674402045,610,385,84
"5.5.0",1590678001774,87058,79071,5337
"5.5.0-gm.2",1590678001774,3923,2376,103
"5.5.0-gm",1590678001774,610,385,84
"5.5.0",1590681601556,87174,79176,5340
"5.5.0-gm.2",1590681601556,3923,2376,103
"5.5.0-gm",1590681601556,610,385,84
"5.5.0",1590685202053,87292,79281,5343
"5.5.0-gm.2",1590685202053,3923,2376,103
"5.5.0-gm",1590685202053,610,385,84
"5.5.0",1590688801694,87401,79393,5345
"5.5.0-gm.2",1590688801694,3923,2376,103
"5.5.0-gm",1590688801694,610,385,84
"5.5.0",1590692402074,87508,79507,5349
"5.5.0-gm.2",1590692402074,3923,2376,103
"5.5.0-gm",1590692402074,610,385,84
"5.5.0",1590696001237,87621,79616,5355
"5.5.0-gm.2",1590696001237,3923,2376,103
"5.5.0-gm",1590696001237,610,385,84
"5.5.0",1590699601634,87738,79727,5366
"5.5.0-gm.2",1590699601634,3923,2376,103
"5.5.0-gm",1590699601634,610,385,84
"5.5.0",1590703201413,87850,79833,5369
"5.5.0-gm.2",1590703201413,3923,2376,103
"5.5.0-gm",1590703201413,610,385,84
"5.5.0",1590706802099,87953,79933,5375
"5.5.0-gm.2",1590706802099,3923,2376,103
"5.5.0-gm",1590706802099,610,385,84
"5.5.0",1590710401437,88064,80028,5381
"5.5.0-gm.2",1590710401437,3923,2376,103
"5.5.0-gm",1590710401437,610,385,84
"5.5.0",1590714001854,88181,80122,5386
"5.5.0-gm.2",1590714001854,3923,2376,103
"5.5.0-gm",1590714001854,610,385,84
"5.5.0",1590717601305,88295,80212,5390
"5.5.0-gm.2",1590717601305,3923,2376,103
"5.5.0-gm",1590717601305,610,385,84
"5.5.0",1590721201866,88400,80312,5396
"5.5.0-gm.2",1590721201866,3923,2376,103
"5.5.0-gm",1590721201866,610,385,84
"5.5.0",1590724801427,88500,80412,5397
"5.5.0-gm.2",1590724801427,3923,2376,103
"5.5.0-gm",1590724801427,610,385,84
"5.5.0",1590728401098,88600,80508,5401
"5.5.0-gm.2",1590728401098,3923,2376,103
"5.5.0-gm",1590728401098,610,385,84
"5.5.0",1590732001654,88701,80608,5403
"5.5.0-gm.2",1590732001654,3923,2376,103
"5.5.0-gm",1590732001654,610,385,84
"5.5.0",1590735601687,88802,80698,5407
"5.5.0-gm.2",1590735601687,3923,2376,103
"5.5.0-gm",1590735601687,610,385,84
"5.5.0",1590739201405,88908,80789,5409
"5.5.0-gm.2",1590739201405,3923,2376,103
"5.5.0-gm",1590739201405,610,385,84
"5.5.0",1590742801123,89012,80881,5409
"5.5.0-gm.2",1590742801123,3923,2376,103
"5.5.0-gm",1590742801123,610,385,84
"5.5.0",1590746401158,89115,80967,5412
"5.5.0-gm.2",1590746401158,3923,2376,103
"5.5.0-gm",1590746401158,610,385,84
"5.5.0",1590750001096,89211,81050,5416
"5.5.0-gm.2",1590750001096,3923,2376,103
"5.5.0-gm",1590750001096,610,385,84
"5.5.0",1590753601800,89316,81139,5421
"5.5.0-gm.2",1590753601800,3923,2376,103
"5.5.0-gm",1590753601800,610,385,84
"5.5.0",1590757201212,89422,81238,5431
"5.5.0-gm.2",1590757201212,3923,2376,103
"5.5.0-gm",1590757201212,610,385,84
"5.5.0",1590760801181,89529,81347,5441
"5.5.0-gm.2",1590760801181,3923,2376,103
"5.5.0-gm",1590760801181,610,385,84
"5.5.0",1590764401680,89655,81453,5449
"5.5.0-gm.2",1590764401680,3923,2376,103
"5.5.0-gm",1590764401680,610,385,84
"5.5.0",1590768001641,89779,81556,5453
"5.5.0-gm.2",1590768001641,3923,2376,103
"5.5.0-gm",1590768001641,610,385,84
"5.5.0",1590771601856,89901,81673,5459
"5.5.0-gm.2",1590771601856,3923,2376,103
"5.5.0-gm",1590771601856,610,385,84
"5.5.0",1590775201538,90010,81783,5466
"5.5.0-gm.2",1590775201538,3923,2376,103
"5.5.0-gm",1590775201538,610,385,84
"5.5.0",1590778801262,90121,81891,5469
"5.5.0-gm.2",1590778801262,3923,2376,103
"5.5.0-gm",1590778801262,610,385,84
"5.5.0",1590782401368,90223,81999,5474
"5.5.0-gm.2",1590782401368,3923,2376,103
"5.5.0-gm",1590782401368,610,385,84
"5.5.0",1590786001429,90323,82096,5479
"5.5.0-gm.2",1590786001429,3923,2376,103
"5.5.0-gm",1590786001429,610,385,84
"5.5.0",1590789601312,90430,82194,5482
"5.5.0-gm.2",1590789601312,3923,2376,103
"5.5.0-gm",1590789601312,610,385,84
"5.5.0",1590793201255,90534,82287,5487
"5.5.0-gm.2",1590793201255,3923,2376,103
"5.5.0-gm",1590793201255,610,385,84
"5.5.0",1590796801587,90631,82365,5489
"5.5.0-gm.2",1590796801587,3923,2376,103
"5.5.0-gm",1590796801587,610,385,84
"5.5.0",1590800401346,90734,82447,5496
"5.5.0-gm.2",1590800401346,3923,2376,103
"5.5.0-gm",1590800401346,610,385,84
"5.5.0",1590804001742,90826,82530,5499
"5.5.0-gm.2",1590804001742,3923,2376,103
"5.5.0-gm",1590804001742,610,385,84
"5.5.0",1590807601805,90919,82608,5501
"5.5.0-gm.2",1590807601805,3923,2376,103
"5.5.0-gm",1590807601805,610,385,84
"5.5.0",1590811202050,91010,82679,5503
"5.5.0-gm.2",1590811202050,3923,2376,103
"5.5.0-gm",1590811202050,610,385,84
"5.5.0",1590814801948,91104,82751,5505
"5.5.0-gm.2",1590814801948,3923,2376,103
"5.5.0-gm",1590814801948,610,385,84
"5.5.0",1590818401631,91192,82821,5507
"5.5.0-gm.2",1590818401631,3923,2376,103
"5.5.0-gm",1590818401631,610,385,84
"5.5.0",1590822001257,91281,82894,5509
"5.5.0-gm.2",1590822001257,3923,2376,103
"5.5.0-gm",1590822001257,610,385,84
"5.5.0",1590825601406,91365,82960,5513
"5.5.0-gm.2",1590825601406,3923,2376,103
"5.5.0-gm",1590825601406,610,385,84
"5.5.0",1590829201133,91455,83027,5516
"5.5.0-gm.2",1590829201133,3923,2376,103
"5.5.0-gm",1590829201133,610,385,84
"5.5.0",1590832801425,91552,83094,5521
"5.5.0-gm.2",1590832801425,3923,2376,103
"5.5.0-gm",1590832801425,610,385,84
"5.5.0",1590836401291,91638,83162,5525
"5.5.0-gm.2",1590836401291,3923,2376,103
"5.5.0-gm",1590836401291,610,385,84
"5.5.0",1590840002075,91733,83234,5529
"5.5.0-gm.2",1590840002075,3923,2376,103
"5.5.0-gm",1590840002075,610,385,84
"5.5.0",1590843601687,91833,83313,5534
"5.5.0-gm.2",1590843601687,3923,2376,103
"5.5.0-gm",1590843601687,610,385,84
"5.5.0",1590847201760,91916,83395,5538
"5.5.0-gm.2",1590847201760,3923,2376,103
"5.5.0-gm",1590847201760,610,385,84
"5.5.0",1590850801983,92003,83473,5544
"5.5.0-gm.2",1590850801983,3923,2376,103
"5.5.0-gm",1590850801983,610,385,84
"5.5.0",1590854401327,92093,83548,5550
"5.5.0-gm.2",1590854401327,3923,2376,103
"5.5.0-gm",1590854401327,610,385,84
"5.5.0",1590858001083,92187,83636,5554
"5.5.0-gm.2",1590858001083,3923,2376,103
"5.5.0-gm",1590858001083,610,385,84
"5.5.0",1590861601640,92284,83721,5558
"5.5.0-gm.2",1590861601640,3923,2376,103
"5.5.0-gm",1590861601640,610,385,84
"5.5.0",1590865201120,92373,83806,5560
"5.5.0-gm.2",1590865201120,3923,2376,103
"5.5.0-gm",1590865201120,610,385,84
"5.5.0",1590868801256,92460,83893,5568
"5.5.0-gm.2",1590868801256,3923,2376,103
"5.5.0-gm",1590868801256,610,385,84
"5.5.0",1590872401942,92556,83976,5573
"5.5.0-gm.2",1590872401942,3923,2376,103
"5.5.0-gm",1590872401942,610,385,84
"5.5.0",1590876001451,92655,84054,5579
"5.5.0-gm.2",1590876001451,3923,2376,103
"5.5.0-gm",1590876001451,610,385,84
"5.5.0",1590879601203,92749,84133,5589
"5.5.0-gm.2",1590879601203,3923,2376,103
"5.5.0-gm",1590879601203,610,385,84
"5.5.0",1590883201316,92847,84206,5593
"5.5.0-gm.2",1590883201316,3923,2376,103
"5.5.0-gm",1590883201316,610,385,84
"5.5.0",1590886801299,92938,84274,5597
"5.5.0-gm.2",1590886801299,3923,2376,103
"5.5.0-gm",1590886801299,610,385,84
"5.5.0",1590890401777,93024,84348,5599
"5.5.0-gm.2",1590890401777,3923,2376,103
"5.5.0-gm",1590890401777,610,385,84
"5.5.0",1590894001186,93114,84416,5601
"5.5.0-gm.2",1590894001186,3923,2376,103
"5.5.0-gm",1590894001186,610,385,84
"5.5.0",1590897601448,93203,84481,5604
"5.5.0-gm.2",1590897601448,3923,2376,103
"5.5.0-gm",1590897601448,610,385,84
"5.5.0",1590901201224,93295,84559,5607
"5.5.0-gm.2",1590901201224,3923,2376,103
"5.5.0-gm",1590901201224,610,385,84
"5.5.0",1590904801718,93376,84631,5610
"5.5.0-gm.2",1590904801718,3923,2376,103
"5.5.0-gm",1590904801718,610,385,84
"5.5.0",1590908401446,93456,84704,5612
"5.5.0-gm.2",1590908401446,3923,2376,103
"5.5.0-gm",1590908401446,610,385,84
"5.5.0",1590912001905,93527,84779,5614
"5.5.0-gm.2",1590912001905,3923,2376,103
"5.5.0-gm",1590912001905,610,385,84
"5.5.0",1590915601435,93607,84849,5618
"5.5.0-gm.2",1590915601435,3923,2376,103
"5.5.0-gm",1590915601435,610,385,84
"5.5.0",1590919201872,93685,84925,5622
"5.5.0-gm.2",1590919201872,3923,2376,103
"5.5.0-gm",1590919201872,610,385,84
"5.5.0",1590922801398,93764,84996,5626
"5.5.0-gm.2",1590922801398,3923,2376,103
"5.5.0-gm",1590922801398,610,385,84
"5.5.0",1590926401877,93846,85078,5629
"5.5.0-gm.2",1590926401877,3923,2376,103
"5.5.0-gm",1590926401877,610,385,84
"5.5.0",1590930001235,93930,85153,5630
"5.5.0-gm.2",1590930001235,3923,2376,103
"5.5.0-gm",1590930001235,610,385,84
"5.5.0",1590933601278,94011,85238,5632
"5.5.0-gm.2",1590933601278,3923,2376,103
"5.5.0-gm",1590933601278,610,385,84
"5.5.0",1590937201412,94106,85321,5636
"5.5.0-gm.2",1590937201412,3923,2376,103
"5.5.0-gm",1590937201412,610,385,84
"5.5.0",1590940802074,94184,85402,5639
"5.5.0-gm.2",1590940802074,3923,2376,103
"5.5.0-gm",1590940802074,610,385,84
"5.5.0",1590944401750,94277,85485,5642
"5.5.0-gm.2",1590944401750,3923,2376,103
"5.5.0-gm",1590944401750,610,385,84
"5.5.0",1590948001718,94365,85576,5645
"5.5.0-gm.2",1590948001718,3923,2376,103
"5.5.0-gm",1590948001718,610,385,84
"5.5.0",1590951601914,94452,85659,5649
"5.5.0-gm.2",1590951601914,3923,2376,103
"5.5.0-gm",1590951601914,610,385,84
"5.5.0",1590955201579,94543,85737,5654
"5.5.0-gm.2",1590955201579,3923,2376,103
"5.5.0-gm",1590955201579,610,385,84
"5.5.0",1590958801326,94637,85821,5656
"5.5.0-gm.2",1590958801326,3923,2376,103
"5.5.0-gm",1590958801326,610,385,84
"5.5.0",1590962401289,94728,85900,5661
"5.5.0-gm.2",1590962401289,3923,2376,103
"5.5.0-gm",1590962401289,610,385,84
"5.5.0",1590966001810,94822,85976,5664
"5.5.0-gm.2",1590966001810,3923,2376,103
"5.5.0-gm",1590966001810,610,385,84
"5.5.0",1590969601447,94914,86051,5665
"5.5.0-gm.2",1590969601447,3923,2376,103
"5.5.0-gm",1590969601447,610,385,84
"5.5.0",1590973201633,95017,86132,5669
"5.5.0-gm.2",1590973201633,3923,2376,103
"5.5.0-gm",1590973201633,610,385,84
"5.5.0",1590976801261,95114,86218,5674
"5.5.0-gm.2",1590976801261,3923,2376,103
"5.5.0-gm",1590976801261,610,385,84
"5.5.0",1590980401346,95211,86308,5678
"5.5.0-gm.2",1590980401346,3923,2376,103
"5.5.0-gm",1590980401346,610,385,84
"5.5.0",1590984001424,95312,86390,5683
"5.5.0-gm.2",1590984001424,3923,2376,103
"5.5.0-gm",1590984001424,610,385,84
"5.5.0",1590987601465,95400,86474,5688
"5.5.0-gm.2",1590987601465,3923,2376,103
"5.5.0-gm",1590987601465,610,385,84
"5.5.0",1590991202004,95492,86557,5695
"5.5.0-gm.2",1590991202004,3923,2376,103
"5.5.0-gm",1590991202004,610,385,84
"5.5.0",1590994801152,95587,86644,5701
"5.5.0-gm.2",1590994801152,3923,2376,103
"5.5.0-gm",1590994801152,610,385,84
"5.5.0",1590998401355,95684,86730,5707
"5.5.0-gm.2",1590998401355,3923,2376,103
"5.5.0-gm",1590998401355,610,385,84
"5.5.0",1591002001496,95775,86828,5715
"5.5.0-gm.2",1591002001496,3923,2376,103
"5.5.0-gm",1591002001496,610,385,84
"5.5.0",1591005601331,95868,86920,5721
"5.5.0-gm.2",1591005601331,3923,2376,103
"5.5.0-gm",1591005601331,610,385,84
"5.5.0",1591009201921,95968,87010,5728
"5.5.0-gm.2",1591009201921,3923,2376,103
"5.5.0-gm",1591009201921,610,385,84
"5.5.0",1591012801939,96071,87105,5734
"5.5.0-gm.2",1591012801939,3923,2376,103
"5.5.0-gm",1591012801939,610,385,84
"5.5.0",1591016401848,96183,87205,5739
"5.5.0-gm.2",1591016401848,3923,2376,103
"5.5.0-gm",1591016401848,610,385,84
"5.5.0",1591020001721,96291,87310,5748
"5.5.0-gm.2",1591020001721,3923,2376,103
"5.5.0-gm",1591020001721,610,385,84
"5.5.0",1591023601867,96399,87420,5760
"5.5.0-gm.2",1591023601867,3923,2376,103
"5.5.0-gm",1591023601867,610,385,84
"5.5.0",1591027201490,96513,87526,5765
"5.5.0-gm.2",1591027201490,3923,2376,103
"5.5.0-gm",1591027201490,610,385,84
"5.5.0",1591030801677,96628,87629,5771
"5.5.0-gm.2",1591030801677,3923,2376,103
"5.5.0-gm",1591030801677,610,385,84
"5.5.0",1591034401510,96731,87742,5775
"5.5.0-gm.2",1591034401510,3923,2376,103
"5.5.0-gm",1591034401510,610,385,84
"5.5.0",1591038001769,96831,87853,5783
"5.5.0-gm.2",1591038001769,3923,2376,103
"5.5.0-gm",1591038001769,610,385,84
"5.5.0",1591041601263,96931,87959,5790
"5.5.0-gm.2",1591041601263,3923,2376,103
"5.5.0-gm",1591041601263,610,385,84
"5.5.0",1591045201957,97041,88065,5797
"5.5.0-gm.2",1591045201957,3923,2376,103
"5.5.0-gm",1591045201957,610,385,84
